id,name,stock_id,stock_name,price,convert_value,premium_rt,rating_cd,pb,convert_amt_ratio,convert_amt_ratio2,next_put_dt,put_price,put_convert_price,maturity_dt,redeem_price,last_time,force_redeem
123102,华自转债,300490.sz,华自科技,181.07,209.41,-13.53%,AA-,2.64,13.8%,13.5%,2025-03-11,100.000,6.47,2027-03-11,119.000,5.581,
120004,20华菱EB,000932.sz,华菱钢铁,157.0,160.37,-2.10%,AAA,1.53,3.3%,2.8%,2024-01-09,100.000,3.44,2025-01-09,110.000,3.414,
120003,19华菱EB,000932.sz,华菱钢铁,174.47,176.51,-1.16%,AAA,1.53,4.4%,3.7%,2023-11-24,100.000,3.13,2024-11-25,110.000,3.290,
123012,万顺转债,300057.sz,万顺新材,184.206,186.34,-1.14%,AA-,1.86,2.6%,1.9%,2022-07-20,100.000,3.69,2024-07-20,106.000,2.940,2020年11月11日公告：本次（2020年9月21日至2020年11月9日）不提前赎回万顺转债，2021年2月9日前均不行使该权利
123067,斯莱转债,300382.sz,斯莱克,298.9,302.35,-1.14%,AA-,14.51,2.2%,2.2%,2024-09-16,100.000,6.55,2026-09-16,115.000,5.099,2021年8月2日公告：本次（2021年7月13日至2021年8月2日）不行使斯莱转债的提前赎回权利，不提前赎回
113612,永冠转债,603681.ss,永冠新材,139.36,140.6,-0.88%,AA-,2.98,29.1%,10.8%,2024-12-09,100.000,14.41,2026-12-07,115.000,5.323,
127029,中钢转债,000928.sz,中钢国际,150.02,151.27,-0.83%,AA+,1.92,8.6%,8.6%,2025-03-18,100.000,4.12,2027-03-18,113.000,5.600,
123085,万顺转2,300057.sz,万顺新材,157.11,158.39,-0.81%,AA-,1.86,18.4%,13.6%,2024-12-10,100.000,4.34,2026-12-10,108.000,5.332,
123069,金诺转债,300505.sz,川金诺,174.0,174.7,-0.40%,AA-,4.19,8.5%,5.8%,2024-10-15,100.000,13.36,2026-10-15,120.000,5.178,2021年7月29日公告：本次（2021年6月18日至2021年7月29日）不行使金诺转债的提前赎回权利，不提前赎回
113012,骆驼转债,601311.ss,骆驼股份,143.65,144.22,-0.39%,AA,2.08,3.2%,3.2%,2021-03-23,100.000,6.90,2023-03-24,105.000,1.614,
128103,同德转债,002360.sz,同德化工,192.15,192.72,-0.29%,A+,2.94,3.6%,2.8%,2024-03-25,100.000,3.56,2026-03-25,115.000,4.619,2021年8月10日公告：本次不行使提前赎回权利，至2021年12月31日均不提前赎回
113014,林洋转债,601222.ss,林洋能源,137.5,137.68,-0.13%,AA,1.88,12.5%,12.5%,2021-10-27,100.000,5.91,2023-10-27,106.000,2.208,
123089,九洲转2,300040.sz,九洲集团,165.2,165.14,0.04%,AA-,2.21,7.7%,5.9%,2024-12-20,100.000,3.98,2026-12-20,115.000,5.359,2021年7月29日公告：本次（2021年6月17日至2021年7月28日）不行使九洲转2的提前赎回权利，至2021年10月29日均不提前赎回
128085,鸿达转债,002002.sz,鸿达兴业,134.12,134.02,0.08%,B,1.82,4.0%,4.0%,2023-12-18,100.000,2.74,2025-12-16,118.000,4.348,
132014,18中化EB,601117.ss,中国化学,142.0,141.94,0.24%,AAA,1.29,5.4%,5.4%,2022-04-24,100.000,4.99,2023-04-24,106.000,1.699,
123087,明电转债,300739.sz,明阳电路,135.16,134.44,0.54%,AA-,4.30,6.6%,6.5%,2025-12-15,100.000,9.79,2026-12-14,115.000,5.342,
128093,百川转债,002455.sz,百川股份,455.0,451.65,0.74%,AA-,10.01,1.4%,1.1%,2024-01-03,100.000,4.04,2026-01-03,120.000,4.397,2021年7月21日公告：本次（2021年6月9日起至2021年7月21日）不行使百川转债的提前赎回权利，至2021年12月31日均不提前赎回
123080,海波转债,300517.sz,海波重科,131.15,129.97,0.91%,A+,3.27,14.4%,8.4%,2024-12-02,100.000,8.11,2026-12-01,120.000,5.307,
113610,灵康转债,603669.ss,灵康药业,125.55,124.27,1.03%,AA-,5.04,6.2%,6.2%,2024-11-29,100.000,6.03,2026-11-30,115.000,5.304,
113585,寿仙转债,603896.ss,寿仙谷,146.7,145.14,1.08%,AA-,4.41,1.7%,1.7%,2024-06-10,100.000,19.87,2026-06-08,112.000,4.825,2021年2月18日公告：本次（2020年12月30日至2021年2月10日）不行使提前赎回权利，至2021年8月10日均不行使赎回权利，不提前赎回
128050,钧达转债,002865.sz,钧达股份,177.764,175.47,1.31%,AA-,3.16,4.2%,4.1%,2022-12-10,100.000,10.36,2024-12-10,118.000,3.332,2021年3月20日公告：本次（2021年2月22日至2021年3月19日）不行使钧达转债的提前赎回权利，至2021年6月18日均不提前赎回
113528,长城转债,603897.ss,长城科技,182.02,179.49,1.41%,AA-,3.62,7.5%,7.5%,2023-03-01,100.000,16.34,2025-03-01,112.000,3.553,
123094,星源转2,300568.sz,星源材质,249.0,245.52,1.42%,AA,11.73,2.1%,1.8%,2025-01-20,100.000,11.78,2027-01-19,112.000,5.441,
123070,鹏辉转债,300438.sz,鹏辉能源,176.0,173.48,1.45%,AA,5.91,6.8%,5.1%,2024-10-21,100.000,14.04,2026-10-19,110.000,5.189,2021年8月5日公告：本次（2021年6月25日至2021年8月5日）不行使提前赎回权利，至2021年12月31日均不提前赎回
123098,一品转债,300723.sz,一品红,138.7,136.54,1.58%,AA-,6.42,10.5%,4.5%,2025-01-27,100.000,17.82,2027-01-27,118.000,5.463,
128094,星帅转债,002860.sz,星帅尔,139.5,137.25,1.64%,A+,3.49,8.4%,6.0%,2024-01-16,100.000,9.66,2026-01-16,115.000,4.433,2021年8月10日公告：本次（2021年6月28日至2021年8月6日）不行使提前赎回权利，至2021年12月31日均不提前赎回
110074,精达转债,600577.ss,精达股份,269.92,264.34,2.11%,AA,4.72,2.9%,2.9%,2024-08-19,100.000,2.61,2026-08-18,112.000,5.019,2021年6月16日公告：本次（2021年5月21日至2021年6月15日）不行使精达转债的提前赎回权利，至2021年12月15日前均不提前赎回
113621,彤程转债,603650.ss,彤程新材,197.36,193.29,2.11%,AA,13.79,1.5%,1.5%,2025-01-27,100.000,22.83,2027-01-25,110.000,5.458,
123052,飞鹿转债,300665.sz,飞鹿股份,141.9,138.87,2.19%,A+,3.33,12.0%,8.9%,2024-06-04,100.000,4.93,2026-06-04,120.000,4.814,
123050,聚飞转债,300303.sz,聚飞光电,143.5,140.35,2.24%,AA-,3.57,4.6%,4.1%,2024-04-15,100.000,3.56,2026-04-13,118.000,4.671,2021年8月10日公告：本次（2021年7月21日至2021年8月10日）不行使聚飞转债的提前赎回权利，不提前赎回
123086,海兰转债,300065.sz,海兰信,136.86,133.84,2.26%,AA-,3.61,14.4%,12.0%,2024-12-10,100.000,5.09,2026-12-10,118.000,5.332,
127040,国泰转债,002091.sz,江苏国泰,149.0,145.57,2.36%,AA+,2.19,22.9%,22.2%,2025-07-07,100.000,6.31,2027-07-06,108.000,5.901,
127011,中鼎转2,000887.sz,中鼎股份,138.65,135.29,2.48%,AA+,2.06,6.4%,6.4%,2023-03-08,100.000,7.97,2025-03-08,110.000,3.573,
132018,G三峡EB1,600900.ss,长江电力,120.65,117.62,2.72%,AAA,2.56,3.9%,3.9%,2023-04-10,100.000,11.72,2024-04-09,108.000,2.660,
127020,中金转债,000060.sz,中金岭南,123.659,120.3,2.79%,AA+,1.58,19.1%,19.1%,2024-07-22,100.000,3.24,2026-07-19,110.000,4.937,
128082,华锋转债,002806.sz,华锋股份,166.793,162.1,2.89%,A,2.71,8.6%,7.8%,2023-12-04,100.000,6.39,2025-12-03,115.000,4.312,
123084,高澜转债,300499.sz,高澜股份,141.815,137.78,2.93%,A+,3.76,9.9%,8.1%,2024-12-09,100.000,6.30,2026-12-09,115.000,5.329,
123097,美力转债,300611.sz,美力科技,126.697,122.84,3.14%,A+,2.66,21.6%,14.7%,2025-01-27,100.000,6.50,2027-01-26,115.000,5.460,
128128,齐翔转2,002408.sz,齐翔腾达,166.074,160.98,3.17%,AA,2.40,3.5%,3.4%,2024-08-19,100.000,5.58,2026-08-19,110.000,5.022,2021年8月7日公告，本次（2021年7月16日起至2021年8月5日）不行使提前赎回权利，至2021年12月31日公司均不提前赎回
113016,小康转债,601127.ss,小康股份,373.18,361.62,3.20%,AA-,17.36,0.4%,0.3%,2021-11-06,100.000,11.87,2023-11-06,106.000,2.236,2021年4月2日公告：本次不行使提前赎回权利，不提前赎回；至2022年4月2日均不提前赎回
128075,远东转债,002406.sz,远东传动,129.64,125.52,3.28%,AA,1.21,16.5%,13.1%,2023-09-25,100.000,3.70,2025-09-23,110.000,4.118,公司8月26日公告：本次（2020年7月14日至2020年8月24日）不行使远东转债的提前赎回权利，未来三个月亦不提前赎回
113504,艾华转债,603989.ss,艾华集团,181.24,174.96,3.59%,AA,5.16,3.4%,3.4%,2022-03-02,100.000,14.57,2024-03-01,106.000,2.553,2021年8月3日公告：本次（2021年7月14日至2021年8月3日）不行使转债的提前赎回权利，不提前赎回
113568,新春转债,603667.ss,五洲新春,152.99,147.66,3.61%,AA-,2.06,8.1%,7.3%,2024-03-05,100.000,6.12,2026-03-05,118.000,4.564,2021年8月10日公告：本次（2021年7月12日至2021年8月10日）不行使提前赎回权利，至2022年2月10日均不提前赎回
123106,正丹转债,300641.sz,正丹股份,128.38,123.73,3.76%,AA-,3.07,7.0%,7.0%,2025-03-24,100.000,5.25,2027-03-23,120.000,5.614,
123071,天能转债,300569.sz,天能重工,136.8,131.61,3.95%,AA-,3.29,13.4%,8.4%,2024-10-21,100.000,5.54,2026-10-20,115.000,5.192,
123100,朗科转债,300543.sz,朗科智能,153.5,147.46,4.10%,AA-,4.40,10.8%,8.3%,2025-02-10,100.000,8.13,2027-02-08,112.000,5.496,
113607,伟20转债,603568.ss,伟明环保,129.2,123.68,4.47%,AA,5.92,3.6%,3.6%,2024-11-01,100.000,15.20,2026-11-01,110.000,5.225,
110033,国贸转债,600755.ss,厦门国贸,117.1,111.31,5.20%,AAA,0.57,8.3%,7.9%,2020-01-05,100.000,4.70,2022-01-05,108.000,0.400,
110066,盛屯转债,600711.ss,盛屯矿业,201.34,191.17,5.32%,AA,2.22,1.7%,1.5%,2024-03-01,100.000,3.41,2026-03-02,110.000,4.556,2021年7月28日公告：本次（2021年7月8日至2021年7月28日）不行使盛屯转债提前赎回权利，至2021年8月28日均不提前赎回
113572,三祥转债,603663.ss,三祥新材,160.82,152.66,5.34%,A+,6.09,4.1%,4.1%,2024-03-11,100.000,9.86,2026-03-11,108.000,4.581,
128081,海亮转债,002203.sz,海亮股份,121.0,114.86,5.35%,AA,2.16,14.5%,13.7%,2023-11-21,100.000,6.78,2025-11-21,110.000,4.279,
113039,嘉泽转债,601619.ss,嘉泽新能,126.17,119.65,5.45%,AA,2.56,5.7%,5.5%,2024-08-23,100.000,2.42,2026-08-23,108.000,5.033,
123030,九洲转债,300040.sz,九洲集团,247.5,234.5,5.54%,AA-,2.21,2.4%,1.8%,2023-08-21,100.000,2.80,2025-08-19,115.000,4.022,2021年7月29日公告：本次（截至2021年7月27日）不行使九洲转债提前赎回权利，至2021年8月24日均不提前赎回
113025,明泰转债,601677.ss,明泰铝业,331.25,313.64,5.62%,AA,2.58,4.7%,4.7%,2023-04-10,100.000,7.70,2025-04-09,110.000,3.660,2021年7月19日公告：本次（2021年6月29日至2021年7月19日）不行使明泰转债的提前赎回权利，至2022年1月19日均不提前赎回
123063,大禹转债,300021.sz,大禹节水,120.076,113.04,6.22%,AA-,2.61,18.2%,14.5%,2025-07-28,100.000,3.38,2026-07-27,120.000,4.959,
113550,常汽转债,603035.ss,常熟汽饰,153.92,144.8,6.30%,AA-,1.29,4.4%,4.4%,2023-11-17,100.000,6.53,2025-11-17,115.000,4.268,公司2021年5月12日公告，本次（2021年4月16日至2021年5月11日）不行使常汽转债的提前赎回权利，2021年11月11日前均不提前赎回
128013,洪涛转债,002325.sz,洪涛股份,105.424,99.14,6.34%,A-,1.04,52.1%,39.5%,2020-07-29,100.000,1.62,2022-07-29,108.000,0.962,
128134,鸿路转债,002541.sz,鸿路钢构,139.81,131.46,6.35%,AA,4.88,7.4%,5.2%,2024-10-08,100.000,30.46,2026-10-08,110.000,5.159,
128057,博彦转债,002649.sz,博彦科技,123.8,116.35,6.40%,AA-,1.69,10.6%,9.4%,2023-03-05,100.000,5.95,2025-03-05,112.000,3.564,
110070,凌钢转债,600231.ss,凌钢股份,125.02,117.47,6.43%,AA,1.04,2.4%,2.4%,2024-04-12,100.000,1.88,2026-04-12,112.000,4.668,
127030,盛虹转债,000301.sz,东方盛虹,192.21,180.0,6.78%,AA+,6.34,11.4%,4.1%,2025-03-21,100.000,9.87,2027-03-22,108.000,5.611,
113545,金能转债,603113.ss,金能科技,184.54,172.58,6.93%,AA,1.79,7.8%,6.6%,2023-10-13,100.000,7.30,2025-10-13,110.000,4.173,2021年7月16日公告：本次（2021年6月26日至7月16日）不行使金能转债的提前赎回权利，至2021年10月15日前均不提前赎回
123112,万讯转债,300112.sz,万讯自控,128.998,120.38,7.16%,AA-,2.87,11.5%,8.0%,2025-04-07,100.000,6.25,2027-04-07,118.000,5.655,
113527,维格转债,603518.ss,锦泓集团,159.93,149.14,7.24%,AA,2.08,6.9%,6.8%,2023-01-23,100.000,6.89,2025-01-23,115.000,3.452,2021年5月28日公告：本次不行使赎回权，至2021年8月27日公司均不行使维格转债的提前赎回权利
123078,飞凯转债,300398.sz,飞凯材料,151.14,140.81,7.34%,AA,3.80,7.3%,7.2%,2024-11-26,100.000,10.89,2026-11-26,110.000,5.293,2021年8月2日公告：本次（2021年6月22日至2021年8月2日）不提前赎回，至2021年12月31日均不行使提前赎回权利
110048,福能转债,600483.ss,福能股份,178.63,166.11,7.53%,AA+,1.50,9.0%,8.0%,2022-12-07,100.000,5.50,2024-12-06,109.000,3.321,2021年7月7日公告：本次（2021年6月9日至2021年7月6日）不行使福能转债的提前赎回权利，至2021年10月6日均不提前赎回
123047,久吾转债,300631.sz,久吾高科,372.0,344.46,7.99%,A+,7.88,2.5%,2.4%,2024-03-19,100.000,12.20,2026-03-19,121.000,4.603,2021年7月22日公告：本次（2021年7月2日至2021年7月22日）不行使提前赎回权利，不提前赎回
128111,中矿转债,002738.sz,中矿资源,390.502,359.92,8.50%,AA-,5.26,1.1%,0.9%,2024-06-10,100.000,10.79,2026-06-10,118.000,4.830,2021年1月28日公告，本次（2020年12月17日至2021年1月28日）不行使提前赎回权利不提前赎回，至2022年1月28日前均不提前赎回
123074,隆利转债,300752.sz,隆利科技,170.026,156.6,8.58%,AA-,6.70,8.5%,2.5%,2024-10-29,100.000,12.84,2026-10-28,118.000,5.214,2021年8月3日公告：本次（2021年6月23日至2021年8月3日）不行使提前赎回权利，至2021年11月2日均不提前赎回
113537,文灿转债,603348.ss,文灿股份,221.85,204.2,8.64%,AA-,3.92,1.4%,1.4%,2023-06-12,100.000,13.50,2025-06-09,115.000,3.827,2021年8月2日公告：本次不行使文灿转债的提前赎回权利，至2021年11月2日前均不提前赎回
123092,天壕转债,300332.sz,天壕环境,142.504,130.83,8.92%,A+,1.74,7.4%,7.1%,2024-12-23,100.000,3.63,2026-12-23,115.000,5.367,
113577,春秋转债,603890.ss,春秋电子,129.07,118.42,9.00%,AA-,2.59,3.6%,3.5%,2024-04-15,100.000,7.60,2026-04-13,112.000,4.671,2021年4月7日公告，本次（2021年2月22日至2021年4月2日）不行使春秋转债提前赎回权利，不提前赎回
113525,台华转债,603055.ss,台华新材,129.06,118.38,9.02%,AA,2.47,6.6%,6.2%,2022-12-17,100.000,5.45,2024-12-16,110.000,3.348,
128018,时达转债,002527.sz,新时达,138.97,127.31,9.16%,AA,2.16,8.9%,6.9%,2021-11-06,100.000,5.15,2023-11-06,106.000,2.236,
113548,石英转债,603688.ss,石英股份,263.83,241.66,9.17%,AA-,6.39,1.0%,1.0%,2023-10-27,100.000,10.45,2025-10-27,118.000,4.211,2021年8月3日公告，本次（2021年06月22日至2021年08月02日）不行使石英转债的提前赎回权利，至2021年12月31日均不提前赎回
110061,川投转债,600674.ss,川投能源,134.27,122.83,9.32%,AAA,1.69,8.0%,8.0%,2023-11-10,100.000,6.44,2025-11-10,106.000,4.249,
123042,银河转债,300619.sz,金银河,189.0,172.6,9.50%,A+,6.09,7.0%,5.3%,2024-01-15,100.000,17.07,2026-01-13,110.000,4.425,
113609,永安转债,603776.ss,永安行,115.87,105.76,9.55%,AA-,1.20,18.1%,18.0%,2024-11-25,100.000,11.54,2026-11-23,115.000,5.285,
113541,荣晟转债,603165.ss,荣晟环保,123.99,113.01,9.72%,AA-,1.85,5.1%,5.1%,2023-07-24,100.000,7.59,2025-07-22,110.000,3.945,
123068,弘信转债,300657.sz,弘信电子,127.999,116.56,9.82%,AA-,4.87,8.2%,7.7%,2024-10-14,100.000,10.74,2026-10-14,115.000,5.175,
123051,今天转债,300532.sz,今天国际,127.92,116.44,9.86%,A+,3.37,16.9%,10.1%,2024-06-03,100.000,6.09,2026-06-03,116.000,4.811,
118000,嘉元转债,688388.ss,嘉元科技,148.36,134.86,10.01%,AA-,8.30,7.0%,5.1%,2025-02-24,100.000,55.12,2027-02-22,115.000,5.534,
123025,精测转债,300567.sz,精测电子,151.65,137.74,10.10%,AA-,10.41,2.7%,1.6%,2023-03-29,100.000,34.56,2025-03-28,112.000,3.627,2020年8月2日公告，本次（2021年6月22日至2021年8月2日）不行使精测转债的提前赎回权利，不提前赎回
123035,利德转债,300296.sz,利亚德,153.0,138.94,10.12%,AA+,3.37,4.2%,3.3%,2023-11-13,100.000,4.87,2025-11-13,110.000,4.258,2021年8月6日公告：本次（自2021年7月19日至2021年8月6日）不行使提前赎回的权利，至2022年2月6日均不提前赎回
113615,金诚转债,603979.ss,金诚信,174.18,158.02,10.22%,AA,2.42,7.6%,7.6%,2024-12-23,100.000,8.86,2026-12-22,112.000,5.364,2021年8月3日公告：本次（2021年6月29日至2021年8月3日）不行使提前赎回权利，至2021年11月3日均不提前赎回
128130,景兴转债,002067.sz,景兴纸业,116.798,105.88,10.31%,AA,0.84,28.5%,25.2%,2024-08-30,100.000,2.72,2026-08-30,110.000,5.052,
123118,惠城转债,300779.sz,惠城环保,118.379,107.25,10.38%,A+,2.74,25.2%,17.4%,2025-07-07,100.000,11.98,2027-07-06,115.000,5.901,
123046,天铁转债,300587.sz,天铁股份,326.689,295.93,10.39%,AA-,6.23,0.7%,0.6%,2024-03-18,100.000,4.13,2026-03-18,112.000,4.600,2021年6月8日公告，本次（2021年5月17日至2021年6月4日）不行使天铁转债的提前赎回权利，至2021年12月6日前均不提前赎回
113048,晶科转债,601778.ss,晶科科技,124.95,113.14,10.44%,AA,1.58,27.8%,17.5%,2025-04-22,100.000,3.84,2027-04-22,112.000,5.696,
110071,湖盐转债,600929.ss,雪天盐业,135.21,122.09,10.75%,AA,2.68,9.9%,9.7%,2024-07-09,100.000,4.56,2026-07-09,110.000,4.910,
123103,震安转债,300767.sz,震安科技,198.593,178.77,11.09%,A+,16.60,2.3%,1.4%,2025-03-11,100.000,39.82,2027-03-11,115.000,5.581,
123031,晶瑞转债,300655.sz,晶瑞电材,590.0,529.62,11.40%,A+,13.59,0.3%,0.3%,2023-08-28,100.000,7.09,2025-08-28,111.000,4.047,2021年7月22日公告，本次（2021年6月10日至2021年7月22日）不行使晶瑞转债的提前赎回权利，不提前赎回
123062,三超转债,300554.sz,三超新材,119.688,107.41,11.43%,A,2.97,20.0%,11.3%,2024-07-26,100.000,11.99,2026-07-26,113.000,4.956,
123061,航新转债,300424.sz,航新科技,136.8,122.76,11.44%,A+,6.15,6.8%,5.7%,2024-07-22,100.000,10.39,2026-07-21,118.000,4.942,
128108,蓝帆转债,002382.sz,蓝帆医疗,123.0,110.36,11.45%,AA,1.60,7.6%,7.5%,2025-05-27,100.000,12.77,2026-05-27,108.000,4.792,2021年2月6日公告：本次（2020年12月25日至2021年2月5日）不行使蓝帆转债的提前赎回权利，不提前赎回
113009,广汽转债,601238.ss,广汽集团,123.21,110.31,11.70%,AAA,1.84,2.3%,1.6%,2021-01-22,100.680,9.78,2022-01-22,106.000,0.447,
128143,锋龙转债,002931.sz,锋龙股份,119.37,106.83,11.73%,A+,3.93,10.1%,9.0%,2025-01-07,100.000,8.91,2027-01-07,115.000,5.408,
123083,朗新转债,300682.sz,朗新科技,140.0,124.92,12.07%,AA,3.66,5.9%,4.1%,2024-12-09,100.000,10.81,2026-12-08,110.000,5.326,
111000,起帆转债,605222.ss,起帆电缆,121.48,108.38,12.09%,AA-,3.05,44.9%,11.2%,2025-05-23,100.000,14.37,2027-05-24,115.000,5.784,
110080,东湖转债,600133.ss,东湖高新,106.83,95.21,12.21%,AA,0.85,34.7%,33.8%,2025-04-11,100.000,4.24,2027-04-12,110.000,5.668,
123022,长信转债,300088.sz,长信科技,163.405,145.45,12.34%,AA,2.98,1.2%,1.2%,2023-03-18,100.000,4.24,2025-03-18,110.000,3.600,2021年7月29日公告，本次（2021年6月18日至2021年7月29日)决定不行使长信转债的提前赎回权利，不提前赎回
110053,苏银转债,600919.ss,江苏银行,122.94,109.42,12.36%,AAA,0.56,19.5%,19.4%,,,-,2025-03-13,111.000,3.586,
113549,白电转债,603861.ss,白云电器,119.13,105.9,12.49%,AA,1.53,22.8%,21.3%,2023-11-14,100.000,6.17,2025-11-14,110.000,4.260,
113570,百达转债,603331.ss,百达精工,118.16,104.76,12.79%,A+,2.35,13.2%,13.2%,2024-03-11,100.000,7.94,2026-03-10,110.000,4.578,
128090,汽模转2,002510.sz,天汽模,120.29,106.62,12.82%,AA-,2.03,7.4%,7.3%,2023-12-27,100.000,2.96,2025-12-27,110.000,4.378,
113047,旗滨转债,601636.ss,旗滨集团,185.87,164.45,13.02%,AA+,5.44,2.7%,2.7%,2025-04-08,100.000,8.96,2027-04-08,110.000,5.658,
123024,岱勒转债,300700.sz,岱勒新材,119.73,105.89,13.07%,A+,3.03,18.2%,13.1%,2022-03-21,100.000,9.87,2024-03-21,110.000,2.608,
128107,交科转债,002061.sz,浙江交科,110.92,97.9,13.30%,AA+,0.81,35.4%,35.4%,2024-04-22,100.000,3.67,2026-04-22,110.000,4.696,
128141,旺能转债,002034.sz,旺能环境,116.3,102.63,13.32%,AA,1.41,20.4%,20.3%,2024-12-16,100.000,11.18,2026-12-16,110.000,5.348,
128087,孚日转债,002083.sz,孚日股份,102.687,90.44,13.54%,AA-,1.00,17.6%,17.6%,2023-12-18,100.000,3.15,2025-12-17,108.000,4.351,
127035,濮耐转债,002225.sz,濮耐股份,120.901,106.32,13.71%,AA,1.56,16.4%,13.2%,2024-05-27,100.000,3.10,2026-05-25,108.800,4.786,
123027,蓝晓转债,300487.sz,蓝晓科技,332.0,291.7,13.82%,A+,9.98,1.0%,0.6%,2023-06-12,100.000,20.31,2025-06-10,113.000,3.830,2021年8月5日公告：本次（2021年6月18日至2021年7月29日）不行使提前赎回权利，至2021年10月29日前均不提前赎回
123057,美联转债,300586.sz,美联新材,124.37,109.16,13.94%,AA-,7.02,6.9%,3.8%,2024-07-01,100.000,6.65,2026-06-30,112.000,4.885,
123082,北陆转债,300016.sz,北陆药业,113.2,99.32,13.98%,A+,2.40,14.0%,11.6%,2024-12-06,100.000,6.17,2026-12-06,115.000,5.321,
113033,利群转债,601366.ss,利群股份,105.25,92.01,14.39%,AA,1.14,33.5%,32.4%,2024-04-01,100.000,4.91,2026-03-31,110.000,4.636,
123091,长海转债,300196.sz,长海股份,137.3,120.01,14.40%,AA,2.58,11.5%,6.9%,2024-12-23,100.000,11.30,2026-12-22,111.000,5.364,
128145,日丰转债,002953.sz,日丰股份,116.6,101.83,14.50%,AA-,2.89,37.0%,11.2%,2025-03-21,100.000,9.56,2027-03-22,110.000,5.611,
127018,本钢转债,000761.sz,本钢板材,116.3,101.39,14.70%,AAA,0.91,38.1%,34.1%,2024-06-28,100.000,3.51,2026-06-28,119.000,4.879,
128048,张行转债,002839.sz,张家港行,117.201,102.14,14.74%,AA+,0.89,30.3%,24.2%,,,-,2024-11-12,109.000,3.255,
128097,奥佳转债,002614.sz,奥佳华,179.8,156.5,14.89%,AA,2.20,6.3%,4.5%,2024-02-26,100.000,7.27,2026-02-25,110.000,4.542,"公司9月9日公告，决定在未来12个月内（即2021年9月9日前），均不行使奥佳转
债的提前赎回权利，不提前赎回"
110043,无锡转债,600908.ss,无锡银行,117.99,102.67,14.92%,AA+,0.74,29.2%,27.2%,,,-,2024-01-30,106.000,2.468,
123038,联得转债,300545.sz,联得装备,133.484,116.12,14.95%,A+,5.95,6.7%,3.0%,2023-12-25,100.000,16.85,2025-12-24,113.000,4.370,公司9月10日公告：本次（2020年7月28日至2020年9月8日）不行使联得转债的提前赎回权利，不提前赎回
123111,东财转3,300059.sz,东方财富,158.29,137.3,15.29%,AA+,8.62,5.8%,4.8%,2025-04-07,100.000,16.34,2027-04-06,107.000,5.652,
123060,苏试转债,300416.sz,苏试试验,142.354,123.47,15.30%,AA-,6.01,5.2%,5.2%,2024-07-22,100.000,12.80,2026-07-20,112.000,4.940,2021年7月26日公告：本次（2021年7月1日至2021年7月26日）不行使苏试转债的提前赎回权利，不提前赎回
110063,鹰19转债,600567.ss,山鹰国际,119.63,103.68,15.38%,AA+,0.97,11.6%,11.6%,2023-12-12,100.000,2.28,2025-12-12,111.000,4.337,
128137,洁美转债,002859.sz,洁美科技,135.39,117.08,15.64%,AA-,6.80,4.6%,4.5%,2024-11-04,100.000,19.34,2026-11-03,112.000,5.230,
128127,文科转债,002775.sz,文科园林,97.0,83.81,15.74%,AA-,0.85,52.1%,45.3%,2024-08-19,100.000,3.42,2026-08-19,115.000,5.022,
110047,山鹰转债,600567.ss,山鹰国际,118.58,102.42,15.77%,AA+,0.97,14.4%,14.4%,2022-11-21,100.000,2.31,2024-11-21,113.000,3.279,
110077,洪城转债,600461.ss,洪城环境,121.11,104.32,16.09%,AA+,1.17,28.2%,27.1%,2024-11-19,100.000,4.70,2026-11-19,110.000,5.274,
128095,恩捷转债,002812.sz,恩捷股份,464.99,399.35,16.44%,AA,19.92,0.3%,0.2%,2024-02-12,100.000,45.44,2026-02-11,110.000,4.504,2021年1月25日公告：本次（2021年1月4日至2021年1月22日）不行使恩捷转债的提前赎回权利，不提前赎回
127027,靖远转债,000552.sz,靖远煤电,107.638,92.26,16.67%,AA+,0.81,41.1%,41.1%,2024-12-09,100.000,2.26,2026-12-09,110.000,5.329,
128029,太阳转债,002078.sz,太阳纸业,166.72,142.72,16.81%,AA+,1.88,2.9%,2.8%,2020-12-22,100.000,5.92,2022-12-22,106.000,1.362,
128119,龙大转债,002726.sz,龙大肉食,119.432,102.05,17.04%,AA,2.60,10.0%,9.3%,2024-07-15,100.000,6.50,2026-07-12,115.000,4.918,"2021年2月9日公告：本次（2021年1月18日起至2021年2月9日）已有10个交易
日高于转股价的130%，未来满足条件亦不行使提前赎回权利"
113536,三星转债,603578.ss,三星新材,117.84,100.58,17.16%,AA,2.30,8.4%,8.4%,2023-05-31,100.000,9.63,2025-05-30,110.000,3.800,
113602,景20转债,603228.ss,景旺电子,125.96,107.34,17.35%,AA,3.68,7.2%,7.1%,2024-08-23,100.000,19.18,2026-08-23,108.000,5.033,
128026,众兴转债,002772.sz,众兴菌业,117.7,100.26,17.39%,AA-,1.49,13.8%,8.9%,2021-12-13,100.000,7.95,2023-12-13,106.000,2.337,
113614,健20转债,603707.ss,健友股份,128.26,109.24,17.41%,AA,9.32,2.0%,2.0%,2024-12-16,100.000,20.38,2026-12-16,109.000,5.348,
110045,海澜转债,600398.ss,海澜之家,118.61,100.99,17.44%,AA+,2.11,9.6%,9.6%,2022-07-13,100.000,4.93,2024-07-13,108.000,2.921,
110057,现代转债,600420.ss,国药现代,113.63,96.73,17.47%,AAA,1.16,16.6%,16.6%,2023-04-01,100.000,6.85,2025-03-31,106.000,3.636,
128109,楚江转债,002171.sz,楚江新材,138.0,117.38,17.57%,AA,2.30,14.5%,13.5%,2024-06-03,100.000,6.04,2026-06-03,110.000,4.811,
128129,青农转债,002958.sz,青农商行,106.802,90.74,17.70%,AAA,0.69,47.3%,23.0%,,,-,2026-08-24,108.000,5.036,
128140,润建转债,002929.sz,润建股份,127.349,108.07,17.84%,AA,1.91,23.6%,17.3%,2024-12-06,100.000,18.48,2026-12-04,110.000,5.315,
127022,恒逸转债,000703.sz,恒逸石化,128.4,108.93,17.88%,AA+,1.77,4.8%,4.5%,2024-10-15,100.000,7.84,2026-10-15,105.000,5.178,
110055,伊力转债,600197.ss,伊力特,177.81,150.82,17.89%,AA,3.21,2.1%,2.1%,2023-03-15,100.000,11.49,2025-03-15,110.000,3.592,2021年5月13日公告：本次（自2021年4月15日至2021年5月12日）不行使伊力转债提前赎回权利，至2021年11月12日前均不提前赎回
113623,凤21转债,603225.ss,新凤鸣,143.37,121.49,18.01%,AA,2.22,9.1%,8.9%,2025-04-07,100.000,11.53,2027-04-07,112.000,5.655,
123110,九典转债,300705.sz,九典制药,131.5,111.31,18.14%,A+,6.85,6.5%,3.9%,2025-03-31,100.000,18.51,2027-03-31,115.000,5.636,
128037,岩土转债,002542.sz,中化岩土,109.1,92.26,18.26%,AA,1.25,14.5%,11.7%,2022-03-15,100.000,2.17,2024-03-15,108.000,2.592,
113626,伯特转债,603596.ss,伯特利,146.99,124.08,18.46%,AA,6.46,5.0%,4.9%,2025-06-27,100.000,25.20,2027-06-28,116.000,5.879,
113051,节能转债,601016.ss,节能风电,132.53,111.85,18.49%,AA+,2.24,14.8%,13.2%,2025-06-20,100.000,2.83,2027-06-21,110.000,5.860,
127028,英特转债,000411.sz,英特集团,108.869,91.87,18.51%,AA+,1.69,23.5%,19.6%,2025-01-06,100.000,9.38,2027-01-04,108.000,5.400,
128091,新天转债,002873.sz,新天药业,123.762,104.43,18.52%,A+,2.37,9.3%,8.9%,2024-01-01,100.000,11.39,2025-12-30,113.000,4.386,
128033,迪龙转债,002658.sz,雪迪龙,128.2,108.04,18.66%,AA,2.42,9.5%,5.0%,2021-12-27,100.000,6.10,2023-12-27,106.000,2.375,
128106,华统转债,002840.sz,华统股份,113.2,95.2,18.91%,AA,2.21,13.8%,13.4%,2024-04-09,100.000,6.56,2026-04-09,108.000,4.660,
127005,长证转债,000783.sz,长江证券,117.6,98.88,18.93%,AAA,1.34,12.8%,12.8%,,,-,2024-03-12,105.000,2.584,
113011,光大转债,601818.ss,光大银行,113.01,94.93,19.05%,AAA,0.39,17.4%,13.3%,,,-,2023-03-17,105.000,1.595,
123045,雷迪转债,300652.sz,雷迪克,121.3,101.58,19.41%,A+,1.93,10.0%,8.9%,2024-03-11,100.000,13.74,2026-03-11,113.000,4.581,
110041,蒙电转债,600863.ss,内蒙华电,107.91,90.23,19.59%,AAA,0.89,14.0%,14.0%,2021-12-21,100.000,1.79,2023-12-21,106.000,2.359,
123115,捷捷转债,300623.sz,捷捷微电,145.455,120.72,20.49%,AA-,9.92,5.3%,4.6%,2025-06-09,100.000,20.30,2027-06-07,113.000,5.822,
113565,宏辉转债,603336.ss,宏辉果蔬,110.68,91.75,20.63%,AA-,2.83,7.3%,7.3%,2024-02-26,100.000,5.35,2026-02-25,112.000,4.542,
123105,拓尔转债,300229.sz,拓尔思,124.512,103.11,20.75%,AA-,3.17,11.0%,10.9%,2025-03-18,100.000,6.97,2027-03-18,115.000,5.600,
128034,江银转债,002807.sz,江阴银行,106.39,87.96,20.95%,AA+,0.67,21.3%,21.3%,,,-,2024-01-26,106.000,2.458,
123048,应急转债,300527.sz,中船应急,141.033,116.44,21.12%,AA+,3.60,3.8%,3.8%,2024-04-09,100.000,6.22,2026-04-09,108.000,4.660,2020年11月10日公告：本次（2020年10月16日至2020年11月10日）不行使“应急转债”的提前赎回权利，2021年2月10日前均不提前赎回
128076,金轮转债,002722.sz,金轮股份,113.433,93.52,21.29%,AA-,1.24,8.9%,8.9%,2023-10-13,100.000,10.26,2025-10-14,110.000,4.175,
128101,联创转债,002036.sz,联创电子,170.513,140.45,21.40%,AA,5.56,1.5%,1.5%,2024-03-18,100.000,9.60,2026-03-16,110.000,4.595,
123075,贝斯转债,300580.sz,贝斯特,126.87,104.3,21.64%,AA-,2.63,13.0%,12.1%,2024-11-01,100.000,16.62,2026-11-01,110.000,5.225,
128017,金禾转债,002597.sz,金禾实业,192.0,157.62,21.81%,AA,3.77,2.8%,2.8%,2021-11-01,100.000,15.38,2023-11-01,106.000,2.222,公司董事会8月12日公告，本次（2020年7月1日至2020年8月11日）不行使金禾转债的提前赎回权利，不提前赎回
113030,东风转债,601515.ss,东风股份,113.25,92.87,21.95%,AA,1.71,3.7%,3.7%,2023-12-25,100.000,4.51,2025-12-23,112.000,4.367,
128040,华通转债,002758.sz,浙农股份,110.754,90.74,22.06%,AA,1.47,12.4%,4.9%,2022-06-14,100.000,7.11,2024-06-13,108.000,2.838,
113599,嘉友转债,603871.ss,嘉友国际,110.91,90.83,22.11%,AA-,2.11,15.2%,15.2%,2024-08-04,100.000,12.82,2026-08-04,120.000,4.981,
127034,绿茵转债,002887.sz,绿茵生态,104.4,85.22,22.51%,AA-,1.52,42.1%,21.6%,2025-04-29,100.000,8.67,2027-04-29,113.000,5.715,
127039,北港转债,000582.sz,北部湾港,113.45,92.57,22.55%,AAA,1.19,30.6%,23.8%,2025-06-27,100.000,5.84,2027-06-30,108.000,5.885,
128078,太极转债,002368.sz,太极股份,125.2,102.12,22.61%,AA,3.72,7.3%,7.3%,2023-10-23,100.000,15.55,2025-10-21,112.000,4.195,
113567,君禾转债,603617.ss,君禾股份,112.13,91.4,22.68%,A+,2.81,10.3%,10.3%,2024-03-04,100.000,7.81,2026-03-03,113.000,4.559,
110051,中天转债,600522.ss,中天科技,117.74,95.7,23.04%,AA+,1.22,13.5%,13.5%,2023-02-28,100.000,6.99,2025-02-28,109.000,3.551,
113591,胜达转债,603687.ss,大胜达,104.87,85.05,23.31%,AA-,1.68,52.0%,18.0%,2024-07-01,100.000,6.13,2026-06-30,116.000,4.885,
110060,天路转债,600326.ss,西藏天路,114.29,92.51,23.54%,AA,1.38,11.7%,11.7%,2023-10-27,100.000,4.96,2025-10-27,110.000,4.211,公司2020年8月18日公告，本次（2020年7月7日至2020年8月17日期间）不行使天路转债的提前赎回权，未来三个月也不提前赎回
128066,亚泰转债,002811.sz,郑中设计,103.01,83.28,23.69%,AA-,1.29,25.5%,23.0%,2023-04-17,100.000,6.49,2025-04-17,112.000,3.682,
128042,凯中转债,002823.sz,凯中精密,115.568,93.31,23.85%,AA,2.37,21.7%,12.1%,2022-07-30,100.000,9.00,2024-07-30,112.000,2.967,
113516,苏农转债,603323.ss,苏农银行,112.31,90.5,24.10%,AA+,0.71,18.4%,14.7%,,,-,2024-08-01,110.000,2.973,
123113,仙乐转债,300791.sz,仙乐健康,133.5,107.52,24.16%,AA-,4.91,32.6%,9.3%,2025-04-18,100.000,39.84,2027-04-19,113.000,5.688,
128133,奇正转债,002287.sz,奇正藏药,116.201,93.49,24.30%,AA,5.42,5.4%,5.4%,2024-09-23,100.000,20.85,2026-09-21,112.000,5.112,
113608,威派转债,603956.ss,威派格,112.13,90.2,24.31%,A+,5.86,27.8%,5.7%,2024-11-09,100.000,13.36,2026-11-08,115.000,5.244,
113561,正裕转债,603089.ss,正裕工业,113.9,91.37,24.66%,A+,1.91,7.3%,7.3%,2023-12-29,100.000,7.06,2025-12-30,112.000,4.386,
123059,银信转债,300231.sz,银信科技,114.15,91.56,24.67%,AA-,2.75,12.0%,9.9%,2024-07-15,100.000,6.80,2026-07-14,118.000,4.923,
123114,三角转债,300775.sz,三角防务,176.53,141.26,24.97%,AA-,10.08,7.6%,4.1%,2025-05-26,100.000,22.27,2027-05-24,115.000,5.784,
123023,迪森转债,300335.sz,迪森股份,109.26,87.37,25.05%,AA-,1.46,31.1%,23.6%,2024-03-20,100.000,4.82,2025-03-20,110.000,3.605,
113579,健友转债,603707.ss,健友股份,123.62,98.79,25.14%,AA,9.32,1.3%,1.3%,2024-04-22,100.000,22.54,2026-04-22,109.000,4.696,
123088,威唐转债,300707.sz,威唐工业,111.217,88.8,25.24%,A+,3.97,14.7%,10.4%,2024-12-16,100.000,14.50,2026-12-14,115.000,5.342,
113044,大秦转债,601006.ss,大秦铁路,103.06,82.17,25.42%,AAA,0.71,36.5%,36.5%,2024-12-13,100.000,5.03,2026-12-13,108.000,5.340,
123099,普利转债,300630.sz,普利制药,125.558,100.09,25.45%,AA-,8.31,5.7%,4.2%,2025-02-10,100.000,32.22,2027-02-08,118.000,5.496,
113505,杭电转债,603618.ss,杭电股份,107.53,85.59,25.63%,AA,1.47,17.9%,17.9%,2022-03-06,100.000,4.96,2024-03-05,108.000,2.564,
113593,沪工转债,603131.ss,上海沪工,121.09,96.21,25.86%,A+,4.84,6.6%,6.2%,2024-07-22,100.000,14.78,2026-07-19,115.000,4.937,
123054,思特转债,300608.sz,思特奇,138.642,110.06,25.97%,AA-,3.60,9.2%,7.1%,2024-06-10,100.000,8.84,2026-06-09,115.000,4.827,2021年7月5日公告：本次（2021年6月11日至2021年7月2日）不行使思特转债的提前赎回权利，不提前赎回
113026,核能转债,601985.ss,中国核电,112.35,89.18,25.98%,AAA,1.24,9.0%,8.7%,2023-04-17,100.000,4.01,2025-04-14,105.000,3.674,
113616,韦尔转债,603501.ss,韦尔股份,156.83,124.06,26.42%,AA+,18.91,1.1%,1.0%,2024-12-27,100.000,155.76,2026-12-27,110.000,5.378,2021年7月24日公告：本次（2021年7月5日至2021年7月23日）不行使韦尔转债的提前赎回权利，至2022年1月22日均不提前赎回
123002,国祯转债,300388.sz,节能国祯,110.0,86.96,26.49%,AA,1.36,5.0%,5.0%,2021-11-24,100.000,5.85,2023-11-24,106.000,2.285,
128039,三力转债,002224.sz,三力士,112.55,88.95,26.54%,AA-,1.59,7.2%,5.4%,2022-06-08,100.000,4.05,2024-06-07,106.000,2.822,
113050,南银转债,601009.ss,南京银行,116.41,91.98,26.56%,AAA,0.84,25.4%,21.5%,,,-,2027-06-14,107.000,5.841,
113027,华钰转债,601020.ss,ST华钰,119.82,94.59,26.67%,A,2.09,6.1%,6.1%,2023-06-14,100.000,7.12,2025-06-13,110.000,3.838,公司8月11日公告决议，本次（2020年6月30日至2020年8月10日）不行使华钰转债的提前赎回权利，不提前赎回
113524,奇精转债,603677.ss,奇精机械,111.7,87.98,26.96%,AA-,2.23,14.0%,14.0%,2022-12-14,100.000,9.79,2024-12-14,113.000,3.342,
127032,苏行转债,002966.sz,苏州银行,109.905,86.54,26.99%,AAA,0.76,43.9%,21.4%,,,-,2027-04-12,110.000,5.668,
113606,荣泰转债,603579.ss,荣泰健康,119.66,94.18,27.05%,AA-,2.52,13.9%,13.9%,2024-10-29,100.000,22.98,2026-10-29,115.000,5.216,
123109,昌红转债,300151.sz,昌红科技,116.85,91.95,27.09%,AA-,12.12,5.6%,3.5%,2025-03-31,100.000,19.64,2027-03-31,115.000,5.636,
127036,三花转债,002050.sz,三花智控,138.501,108.86,27.22%,AA+,8.07,3.6%,3.6%,2025-06-02,100.000,15.09,2027-05-31,110.000,5.803,
113037,紫银转债,601860.ss,紫金银行,103.39,80.99,27.66%,AA+,0.79,78.2%,37.5%,,,-,2026-07-22,110.000,4.945,
113049,长汽转债,601633.ss,长城汽车,201.66,157.96,27.67%,AAA,9.87,0.9%,0.6%,2025-06-09,100.000,26.87,2027-06-09,107.000,5.827,
127026,超声转债,000823.sz,超声电子,119.3,93.24,27.95%,AA,1.61,11.0%,11.0%,2024-12-09,100.000,8.90,2026-12-07,108.000,5.323,
123096,思创转债,300078.sz,思创医惠,112.174,87.65,27.98%,AA-,1.97,13.5%,13.0%,2025-01-27,100.000,5.78,2027-01-25,118.000,5.458,
127033,中装转2,002822.sz,中装建设,105.2,82.17,28.03%,AA,1.10,35.3%,31.2%,2025-04-15,100.000,4.40,2027-04-15,112.000,5.677,
110068,龙净转债,600388.ss,龙净环保,106.09,82.84,28.06%,AA+,1.47,21.4%,21.4%,2024-03-25,100.000,7.38,2026-03-23,110.000,4.614,
123028,清水转债,300437.sz,清水源,106.628,83.19,28.17%,A+,1.78,33.0%,20.9%,2023-06-19,100.000,8.29,2025-06-18,115.000,3.852,
128122,兴森转债,002436.sz,兴森科技,142.825,111.42,28.19%,AA,7.21,1.3%,1.1%,2024-07-22,100.000,8.46,2025-07-22,110.000,3.945,
123073,同和转债,300636.sz,同和药业,112.738,87.92,28.23%,A+,3.16,15.7%,13.4%,2024-10-26,100.000,10.37,2026-10-25,116.000,5.205,
113578,全筑转债,603030.ss,全筑股份,102.41,79.81,28.31%,AA,0.99,16.6%,16.6%,2024-04-19,100.000,3.78,2026-04-19,113.000,4.688,
123043,正元转债,300645.sz,正元智慧,160.177,124.45,28.71%,A+,3.59,6.8%,6.8%,2024-03-04,100.000,10.77,2026-03-04,115.000,4.562,
113013,国君转债,601211.ss,国泰君安,114.08,88.58,28.78%,AAA,1.06,5.6%,4.7%,,,-,2023-07-06,105.000,1.899,
123116,万兴转债,300624.sz,万兴科技,124.425,96.52,28.90%,A+,7.02,7.1%,6.1%,2025-06-09,100.000,34.85,2027-06-08,115.000,5.825,
128053,尚荣转债,002551.sz,尚荣医疗,142.179,110.04,29.21%,AA,1.48,6.1%,4.2%,2023-02-14,100.000,3.42,2025-02-14,110.000,3.512,
127038,国微转债,002049.sz,紫光国微,182.74,141.24,29.38%,AA+,22.33,1.3%,1.3%,2025-06-09,100.000,96.45,2027-06-09,110.000,5.827,
123049,维尔转债,300190.sz,维尔利,109.2,84.28,29.57%,AA-,1.12,18.9%,18.9%,2024-04-15,100.000,5.17,2026-04-12,118.000,4.668,
128120,联诚转债,002921.sz,联诚精密,108.996,84.06,29.67%,A,1.87,20.5%,15.8%,2024-07-16,100.000,12.91,2026-07-16,112.000,4.929,
110056,亨通转债,600487.ss,亨通光电,112.1,86.29,29.91%,AA+,1.50,5.8%,5.6%,2023-03-19,100.000,10.46,2025-03-19,110.000,3.603,
113603,东缆转债,603606.ss,东方电缆,132.86,102.16,30.06%,AA,4.34,5.1%,5.1%,2024-09-23,100.000,16.55,2026-09-23,110.000,5.118,
128071,合兴转债,002228.sz,合兴包装,108.0,83.01,30.10%,AA,1.23,7.0%,7.0%,2023-08-15,100.000,2.93,2025-08-15,110.000,4.011,
128014,永东转债,002753.sz,永东股份,111.0,85.14,30.37%,AA-,1.94,13.0%,8.4%,2021-04-17,100.000,8.76,2023-04-17,108.000,1.679,
110067,华安转债,600909.ss,华安证券,107.81,82.64,30.46%,AAA,1.64,11.6%,11.6%,,,-,2026-03-11,107.000,4.581,
110073,国投转债,600061.ss,国投资本,108.49,83.03,30.66%,AAA,1.13,15.1%,15.1%,,,-,2026-07-23,107.000,4.948,
127031,洋丰转债,000902.sz,新洋丰,128.0,97.49,31.29%,AA,3.44,4.3%,3.9%,2025-03-24,100.000,13.96,2027-03-24,112.000,5.616,
128073,哈尔转债,002615.sz,哈尔斯,111.0,84.41,31.50%,AA-,2.38,26.8%,15.0%,2022-08-22,100.000,4.00,2024-08-22,112.000,3.030,
128105,长集转债,002616.sz,长青集团,106.497,80.91,31.62%,AA,1.69,26.6%,16.8%,2024-04-08,100.000,5.54,2026-04-08,110.000,4.658,
110062,烽火转债,600498.ss,烽火通信,113.11,85.73,31.93%,AAA,1.93,13.9%,13.9%,2023-12-01,100.000,15.99,2025-12-01,106.000,4.307,
113546,迪贝转债,603320.ss,迪贝电气,113.3,85.86,31.96%,A+,2.12,14.7%,14.7%,2023-10-23,100.000,9.80,2025-10-22,115.000,4.197,
113502,嘉澳转债,603822.ss,嘉澳环保,122.95,92.88,32.38%,AA-,3.62,6.1%,6.1%,2021-11-10,100.000,31.25,2023-11-09,108.000,2.244,
110072,广汇转债,600297.ss,广汇汽车,92.97,70.22,32.39%,AA+,0.56,14.7%,14.7%,2024-08-19,100.000,2.82,2026-08-17,110.000,5.016,
113627,太平转债,603877.ss,太平鸟,134.21,101.35,32.42%,AA,5.93,3.3%,3.3%,2025-07-14,100.000,35.22,2027-07-14,110.000,5.923,
128025,特一转债,002728.sz,特一药业,114.8,86.69,32.43%,AA-,2.21,19.2%,12.0%,2021-12-06,100.000,9.84,2023-12-06,106.000,2.318,
113046,金田转债,601609.ss,金田铜业,112.54,84.93,32.51%,AA+,1.91,27.5%,11.1%,2025-03-21,100.000,7.53,2027-03-22,110.000,5.611,
113604,多伦转债,603528.ss,多伦科技,106.6,80.38,32.61%,AA-,2.92,12.3%,12.2%,2024-10-14,100.000,7.28,2026-10-12,110.000,5.170,
127014,北方转债,000065.sz,北方国际,110.56,83.35,32.64%,AA+,0.98,10.9%,9.6%,2023-10-23,100.000,6.05,2025-10-23,110.000,4.200,
113563,柳药转债,603368.ss,柳药股份,109.85,82.53,33.10%,AA,1.35,11.3%,11.2%,2024-01-15,100.000,16.71,2026-01-15,108.000,4.430,
113618,美诺转债,603538.ss,美诺华,121.15,90.95,33.20%,AA-,2.83,10.3%,10.2%,2025-01-13,100.000,26.23,2027-01-13,110.000,5.425,
113600,新星转债,603978.ss,深圳新星,105.51,79.04,33.50%,AA-,1.79,19.7%,19.7%,2024-08-12,100.000,16.70,2026-08-12,120.000,5.000,
123011,德尔转债,300473.sz,德尔股份,113.495,84.96,33.59%,AA-,1.88,8.4%,7.0%,2022-07-18,100.000,21.97,2024-07-18,112.000,2.934,
128121,宏川转债,002930.sz,宏川智慧,117.901,88.25,33.59%,AA-,3.52,8.9%,8.6%,2024-07-16,100.000,13.94,2026-07-16,108.000,4.929,
127037,银轮转债,002126.sz,银轮股份,146.53,109.66,33.63%,AA,2.28,7.8%,7.5%,2025-06-06,100.000,7.54,2027-06-07,110.000,5.822,
110034,九州转债,600998.ss,九州通,109.47,81.83,33.78%,AA+,1.21,5.5%,5.5%,2020-01-15,103.000,12.48,2022-01-15,108.000,0.427,
127041,弘亚转债,002833.sz,弘亚数控,121.5,90.55,34.18%,AA-,5.66,9.7%,5.7%,2024-07-12,100.000,26.66,2026-07-13,115.000,4.921,
123108,乐普转2,300003.sz,乐普医疗,120.55,89.83,34.20%,AA+,4.50,4.0%,3.4%,2024-03-29,100.000,20.65,2026-03-29,107.800,4.630,
123077,汉得转债,300170.sz,汉得信息,109.99,81.94,34.23%,AA,2.10,14.7%,13.3%,2024-11-22,100.000,6.78,2026-11-23,120.000,5.285,
128023,亚太转债,002284.sz,亚太股份,110.35,82.21,34.24%,AA,2.34,17.1%,15.9%,2021-12-04,100.000,7.24,2023-12-04,108.000,2.312,
123014,凯发转债,300407.sz,凯发电气,141.69,105.22,34.66%,A+,1.85,6.5%,4.5%,2021-07-27,100.000,5.63,2023-07-27,106.000,1.956,
113535,大业转债,603278.ss,大业股份,108.73,80.55,34.98%,AA,1.55,17.4%,17.4%,2022-05-09,100.000,8.60,2024-05-08,110.000,2.740,
127012,招路转债,001965.sz,招商公路,107.15,78.91,35.79%,AAA,0.75,38.0%,11.9%,2023-03-22,100.000,6.04,2025-03-21,105.000,3.608,
127006,敖东转债,000623.sz,吉林敖东,104.465,76.81,36.01%,AA+,0.77,13.4%,13.3%,2022-03-13,100.000,14.15,2024-03-13,105.000,2.586,
123004,铁汉转债,300197.sz,节能铁汉,102.814,75.13,36.85%,AA,1.08,15.8%,9.9%,2021-12-18,100.000,2.67,2023-12-18,106.000,2.351,
113624,正川转债,603976.ss,正川股份,106.43,77.73,36.93%,A+,5.20,7.4%,7.4%,2025-04-28,100.000,32.68,2027-04-27,115.000,5.710,
128079,英联转债,002846.sz,英联股份,129.799,94.45,37.42%,A+,3.07,8.7%,6.1%,2023-10-23,100.000,5.80,2025-10-21,112.000,4.195,
127025,冀东转债,000401.sz,冀东水泥,114.4,83.18,37.53%,AAA,1.02,9.9%,9.9%,2024-11-04,100.000,10.70,2026-11-04,106.000,5.233,
110075,南航转债,600029.ss,南方航空,119.7,87.02,37.56%,AAA,1.41,11.2%,6.4%,2024-10-14,100.000,4.37,2026-10-14,106.500,5.175,
113598,法兰转债,603966.ss,法兰泰克,110.07,80.0,37.59%,AA-,1.93,11.9%,11.8%,2024-07-30,100.000,6.79,2026-07-30,115.000,4.967,
127017,万青转债,000789.sz,万年青,117.21,84.4,38.88%,AA+,1.35,11.0%,11.0%,2024-06-03,100.000,9.42,2026-06-02,113.000,4.808,
113036,宁建转债,601789.ss,宁波建工,103.1,74.16,39.02%,AA,0.95,15.7%,15.7%,2024-07-05,100.000,3.33,2026-07-05,110.000,4.899,
110064,建工转债,600939.ss,重庆建工,101.98,73.29,39.15%,AA+,0.61,27.6%,27.6%,2023-12-19,100.000,3.17,2025-12-19,113.000,4.356,
128144,利民转债,002734.sz,利民股份,111.93,80.33,39.34%,AA,1.52,26.9%,23.4%,2025-02-28,100.000,9.79,2027-03-01,110.000,5.553,
128049,华源转债,002787.sz,华源控股,103.43,73.81,40.12%,AA-,1.09,37.3%,21.1%,2022-11-27,100.000,5.16,2024-11-27,110.000,3.296,
113024,核建转债,601611.ss,中国核建,105.25,74.95,40.43%,AAA,1.11,15.7%,15.6%,2023-04-10,100.000,6.79,2025-04-07,105.000,3.655,
128063,未来转债,002631.sz,德尔未来,111.73,79.42,40.68%,AA-,2.55,14.1%,13.9%,2024-04-03,100.000,6.02,2025-04-03,120.000,3.644,
123107,温氏转债,300498.sz,温氏股份,108.065,76.67,40.94%,AAA,1.87,14.3%,10.8%,2025-03-28,100.000,12.33,2027-03-29,108.000,5.630,
123076,强力转债,300429.sz,强力新材,108.608,76.82,41.38%,AA-,3.82,16.0%,11.3%,2024-11-18,100.000,13.26,2026-11-18,113.000,5.271,
113588,润达转债,603108.ss,润达医疗,108.94,76.98,41.52%,AA,1.79,9.3%,9.3%,2024-06-17,100.000,9.28,2026-06-16,109.000,4.847,
113532,海环转债,603817.ss,海峡环保,103.25,72.87,41.69%,AA,1.35,18.3%,18.3%,2023-04-03,100.000,5.34,2025-04-01,108.000,3.638,
128083,新北转债,002376.sz,新北洋,105.1,74.15,41.74%,AA,1.55,16.1%,15.5%,2023-12-12,100.000,8.02,2025-12-12,110.000,4.337,
113601,塞力转债,603716.ss,塞力医疗,103.09,72.56,42.08%,AA-,1.52,21.9%,21.5%,2024-08-20,100.000,11.89,2026-08-20,115.000,5.025,
123119,康泰转2,300601.sz,康泰生物,132.25,92.76,42.57%,AA,12.25,2.8%,2.2%,2025-07-14,100.000,101.94,2027-07-14,112.000,5.923,
123090,三诺转债,300298.sz,三诺生物,120.5,84.47,42.66%,AA,6.01,3.7%,3.0%,2024-12-20,100.000,24.61,2026-12-20,112.000,5.359,
113043,财通转债,601108.ss,财通证券,108.7,76.09,42.87%,AAA,1.53,10.6%,10.6%,,,-,2026-12-09,106.000,5.329,
110079,杭银转债,600926.ss,杭州银行,117.51,82.05,43.22%,AAA,0.98,21.7%,18.4%,,,-,2027-03-29,108.000,5.630,
127024,盈峰转债,000967.sz,盈峰环境,110.655,77.17,43.40%,AA+,1.17,11.5%,7.4%,2024-11-04,100.000,5.73,2026-11-03,110.000,5.230,
123010,博世转债,300422.sz,博世科,106.209,73.74,44.02%,AA-,1.42,12.7%,11.8%,2022-07-05,100.000,8.51,2024-07-05,108.000,2.899,
110058,永鼎转债,600105.ss,永鼎股份,107.84,74.8,44.17%,AA-,1.84,5.0%,5.0%,2023-04-17,100.000,3.53,2025-04-15,110.000,3.677,
128056,今飞转债,002863.sz,今飞凯达,114.19,78.62,45.23%,A+,1.38,6.6%,6.6%,2023-02-28,100.000,4.68,2025-02-28,115.000,3.551,
127013,创维转债,000810.sz,创维数字,107.033,73.34,45.94%,AA,2.02,11.5%,11.1%,2023-04-17,100.000,7.90,2025-04-15,113.000,3.677,
113530,大丰转债,603081.ss,大丰实业,106.55,72.53,46.91%,AA,2.05,13.1%,13.1%,2023-03-27,100.000,11.54,2025-03-26,116.000,3.622,
113622,杭叉转债,603298.ss,杭叉集团,119.64,81.33,47.11%,AA+,3.04,7.1%,7.1%,2025-03-24,100.000,16.16,2027-03-24,108.000,5.616,
128131,崇达转2,002815.sz,崇达技术,109.9,74.61,47.29%,AA,2.92,22.5%,11.1%,2024-09-09,100.000,13.57,2026-09-04,110.000,5.066,
128021,兄弟转债,002562.sz,兄弟科技,107.048,72.45,47.76%,AA,1.32,10.1%,6.6%,2021-11-28,100.000,3.63,2023-11-28,106.000,2.296,
128074,游族转债,002174.sz,游族网络,107.0,72.25,48.11%,AA,2.15,6.9%,6.1%,2023-09-25,100.000,11.88,2025-09-23,115.000,4.118,
113625,江山转债,603208.ss,江山欧派,113.83,76.78,48.25%,AA-,4.68,7.4%,7.4%,2025-06-10,100.000,68.28,2027-06-10,118.000,5.830,
113542,好客转债,603898.ss,好莱客,110.5,74.41,48.50%,AA,1.40,16.1%,16.1%,2023-08-01,100.000,11.30,2025-07-31,110.000,3.970,
128116,瑞达转债,002961.sz,瑞达期货,102.178,68.7,48.74%,AA,4.36,29.4%,7.2%,2024-07-01,100.000,20.68,2026-06-28,110.000,4.879,
113597,佳力转债,603912.ss,佳力图,113.43,75.9,49.45%,AA-,3.90,7.9%,7.9%,2024-07-29,100.000,16.20,2026-07-29,118.000,4.964,
113042,上银转债,601229.ss,上海银行,103.09,68.39,50.74%,AAA,0.53,20.1%,19.4%,,,-,2027-01-24,112.000,5.455,
128142,新乳转债,002946.sz,新乳业,117.0,77.37,51.22%,AA,4.67,34.4%,5.8%,2024-12-17,100.000,12.93,2026-12-17,110.000,5.351,
113619,世运转债,603920.ss,世运电路,107.49,70.98,51.43%,AA,2.64,13.4%,13.3%,2025-01-20,100.000,13.94,2027-01-19,110.000,5.441,
123104,卫宁转债,300253.sz,卫宁健康,119.8,78.75,52.13%,AA,6.35,3.9%,3.2%,2025-03-17,100.000,12.42,2027-03-15,120.000,5.592,
128015,久其转债,002279.sz,久其软件,102.398,67.29,52.18%,A+,3.28,25.9%,23.4%,2021-06-08,100.000,4.88,2023-06-08,108.000,1.822,
128072,翔鹭转债,002842.sz,翔鹭钨业,113.098,74.22,52.38%,AA-,3.09,12.5%,9.7%,2023-08-21,100.000,10.75,2025-08-19,110.000,4.022,
128035,大族转债,002008.sz,大族激光,112.83,73.74,53.01%,AA+,4.01,6.0%,5.6%,2022-02-06,103.000,36.33,2024-02-06,105.000,2.488,
123034,通光转债,300265.sz,通光线缆,247.5,161.64,53.12%,A+,3.57,1.7%,1.7%,2023-11-03,100.000,5.57,2025-11-03,113.000,4.230,公司12月18日公告：本次（2020年11月6日至2020年12月17日）不行使通光转债的提前赎回权利，不提前赎回
123064,万孚转债,300482.sz,万孚生物,117.7,76.83,53.19%,AA,8.12,3.4%,2.4%,2024-09-01,100.000,50.16,2026-08-31,110.000,5.055,
113594,淳中转债,603516.ss,淳中科技,110.46,71.55,54.38%,A+,3.65,8.2%,8.1%,2024-07-22,100.000,19.49,2026-07-20,115.000,4.940,
113045,环旭转债,601231.ss,环旭电子,112.53,72.86,54.45%,AA+,2.48,11.0%,10.9%,2025-03-03,100.000,13.82,2027-03-03,108.000,5.559,
127003,海印转债,000861.sz,海印股份,106.6,68.9,54.73%,AA,1.22,15.1%,14.1%,2020-06-08,100.000,2.09,2022-06-08,110.000,0.822,
113021,中信转债,601998.ss,中信银行,106.83,68.65,55.62%,AAA,0.40,25.4%,17.7%,,,-,2025-03-03,111.000,3.559,
128069,华森转债,002907.sz,华森制药,106.801,68.57,55.75%,AA-,4.07,8.5%,6.0%,2023-06-26,100.000,12.61,2025-06-24,115.000,3.868,
128124,科华转债,002022.sz,科华生物,103.6,66.34,56.17%,AA,2.09,10.2%,10.1%,2024-07-29,100.000,14.91,2026-07-27,106.000,4.959,
127007,湖广转债,000665.sz,湖北广电,101.934,65.23,56.26%,AA+,0.59,34.1%,34.1%,2022-06-28,100.000,3.91,2024-06-28,108.000,2.879,
123101,拓斯转债,300607.sz,拓斯达,114.104,72.93,56.46%,AA,3.53,12.6%,8.2%,2025-03-10,100.000,18.33,2027-03-09,110.000,5.575,
128036,金农转债,002548.sz,金新农,121.145,77.2,56.92%,AA-,1.40,5.1%,3.9%,2022-03-09,100.000,4.85,2024-03-09,106.000,2.575,
128123,国光转债,002749.sz,国光股份,105.8,67.28,57.24%,AA-,2.98,12.7%,8.1%,2024-07-26,100.000,9.44,2026-07-26,110.000,4.956,
132022,20广版EB,601900.ss,南方传媒,101.16,64.2,57.61%,AAA,0.94,12.7%,12.7%,2022-10-28,100.000,7.67,2023-04-28,106.000,1.710,
123053,宝通转债,300031.sz,宝通科技,106.021,67.07,58.07%,AA-,1.71,11.2%,9.2%,2024-06-04,100.000,14.35,2026-06-04,115.000,4.814,
128125,华阳转债,002949.sz,华阳国际,104.973,66.33,58.27%,AA-,2.37,28.6%,13.6%,2024-07-29,100.000,17.77,2026-07-29,113.000,4.964,
110059,浦发转债,600000.ss,浦发银行,104.06,65.64,58.53%,AAA,0.41,18.6%,18.6%,,,-,2025-10-27,110.000,4.211,
127016,鲁泰转债,000726.sz,鲁泰A,100.952,63.38,59.29%,AA+,0.63,45.2%,28.7%,2024-04-08,100.000,6.10,2026-04-08,111.000,4.658,
128139,祥鑫转债,002965.sz,祥鑫科技,103.118,64.66,59.47%,AA-,1.89,36.1%,18.0%,2024-11-29,100.000,25.87,2026-11-30,115.000,5.304,
128135,洽洽转债,002557.sz,洽洽食品,114.999,71.68,60.43%,AA,4.98,6.1%,6.1%,2024-10-21,100.000,42.02,2026-10-19,115.000,5.189,
128114,正邦转债,002157.sz,正邦科技,106.047,65.72,61.37%,AA+,1.29,7.1%,5.2%,2024-06-17,100.000,10.33,2026-06-16,110.000,4.847,
128136,立讯转债,002475.sz,立讯精密,118.12,72.44,63.06%,AA+,10.08,1.0%,1.0%,2024-11-04,100.000,40.74,2026-11-02,108.000,5.227,
113566,翔港转债,603499.ss,翔港科技,111.4,68.15,63.46%,A+,2.48,10.9%,10.9%,2024-02-27,100.000,7.54,2026-02-27,118.000,4.548,
110038,济川转债,600566.ss,济川药业,106.94,65.17,64.09%,AA,1.65,4.7%,4.7%,2020-11-13,100.000,11.70,2022-11-12,100.000,1.252,
128070,智能转债,002877.sz,智能自控,113.86,69.27,64.37%,A+,2.78,17.0%,10.5%,,,-,2025-07-02,112.000,3.890,
113017,吉视转债,601929.ss,吉视传媒,99.07,60.0,65.12%,AA+,0.79,28.3%,28.3%,2021-12-27,100.000,2.06,2023-12-27,106.000,2.375,
113605,大参转债,603233.ss,大参林,113.1,68.26,65.69%,AA,6.72,3.8%,3.8%,2024-10-21,100.000,48.36,2026-10-21,110.000,5.195,
123093,金陵转债,300651.sz,金陵体育,124.67,73.75,69.03%,A+,6.43,10.0%,5.4%,2025-01-20,100.000,34.43,2027-01-18,120.000,5.438,
113519,长久转债,603569.ss,长久物流,103.75,61.23,69.44%,AA,1.57,18.4%,18.4%,2022-11-07,100.000,7.73,2024-11-07,115.000,3.241,
113620,傲农转债,603363.ss,傲农生物,105.2,61.82,70.17%,AA,2.01,17.5%,16.3%,2025-03-10,100.000,10.16,2027-03-09,116.000,5.575,
127021,特发转2,000070.sz,特发信息,106.1,61.23,73.27%,AA,2.06,9.0%,8.8%,2023-08-07,100.000,8.63,2025-08-06,110.000,3.986,
128138,侨银转债,002973.sz,侨银股份,107.0,61.43,74.18%,AA-,4.15,25.3%,6.6%,2024-11-18,100.000,17.73,2026-11-16,130.000,5.266,
110052,贵广转债,600996.ss,贵广网络,102.32,58.06,76.23%,AA+,1.11,31.5%,31.5%,2023-03-05,100.000,5.56,2025-03-05,113.000,3.564,
127015,希望转债,000876.sz,新希望,108.78,61.62,76.53%,AAA,1.40,1.8%,1.7%,2024-01-03,100.000,13.82,2026-01-02,106.000,4.395,
128022,众信转债,002707.sz,众信旅游,102.3,57.7,77.29%,A,5.38,15.6%,11.0%,2021-12-01,100.000,5.54,2023-12-01,106.000,2.304,
123056,雪榕转债,300511.sz,雪榕生物,104.71,59.05,77.33%,AA-,1.43,26.6%,19.0%,2024-06-24,100.000,8.24,2026-06-23,115.000,4.866,
128118,瀛通转债,002861.sz,瀛通通讯,105.08,58.66,79.12%,AA-,1.81,22.4%,15.3%,2024-07-01,100.000,14.78,2026-07-01,115.000,4.888,
123039,开润转债,300577.sz,开润股份,108.06,60.2,79.50%,A+,2.71,9.5%,5.1%,2023-12-25,100.000,20.93,2025-12-25,115.000,4.373,
123018,溢利转债,300381.sz,溢多利,207.699,115.27,80.18%,AA-,1.54,1.2%,1.2%,2022-12-20,100.000,5.78,2024-12-20,110.000,3.359,2021年1月23日公告：本次（2020年12月11日至2021年1月22日）不行使溢利转债的提前赎回权利，不提前赎回
128100,搜特转债,002503.sz,搜于特,96.72,53.45,80.96%,A,1.38,20.3%,16.7%,2024-03-11,100.000,2.03,2026-03-11,112.000,4.581,
123081,精研转债,300709.sz,精研科技,104.734,57.83,81.11%,AA-,2.46,17.3%,13.3%,2024-12-02,100.000,37.38,2026-12-02,115.000,5.310,
113573,纵横转债,603602.ss,纵横通信,108.56,59.85,81.38%,A+,3.16,11.8%,11.8%,2024-04-16,100.000,13.15,2026-04-16,118.000,4.679,
128117,道恩转债,002838.sz,道恩股份,103.7,57.06,81.74%,AA-,3.36,6.3%,5.4%,2024-07-01,100.000,20.18,2026-07-01,118.000,4.888,
128132,交建转债,002941.sz,新疆交建,98.361,53.97,82.26%,AA,2.53,44.1%,13.2%,2024-09-16,100.000,12.97,2026-09-14,110.000,5.093,
132009,17中油EB,601857.ss,中国石油,103.41,56.72,82.47%,AAA,0.68,1.3%,1.2%,2021-07-13,100.000,5.68,2022-07-13,105.000,0.918,
123117,健帆转债,300529.sz,健帆生物,116.249,63.45,83.20%,AA,14.45,3.4%,2.2%,2025-06-23,100.000,63.42,2027-06-22,110.000,5.863,
113595,花王转债,603007.ss,ST花王,86.55,47.11,83.72%,A,0.94,30.4%,30.1%,2024-07-22,100.000,4.84,2026-07-20,116.000,4.940,
113575,东时转债,603377.ss,东方时尚,127.89,68.07,87.89%,AA,2.85,1.6%,1.6%,2024-04-08,100.000,8.51,2026-04-08,108.000,4.658,2020年11月4日公告：本次（2020年10月15日至2020年11月4日）不行使东时转债提前赎回权，至2021年2月4日（含）均不提前赎回
127019,国城转债,000688.sz,国城矿业,96.553,51.0,89.33%,AA,4.95,7.0%,7.0%,2024-07-15,100.000,14.74,2026-07-14,110.000,4.923,
132015,18中油EB,601857.ss,中国石油,102.99,53.99,92.13%,AAA,0.68,2.7%,2.4%,2022-02-01,100.000,5.96,2023-02-01,105.000,1.474,
110076,华海转债,600521.ss,华海药业,105.9,54.92,92.83%,AA,4.10,6.8%,6.6%,2024-11-01,100.000,23.70,2026-11-01,110.000,5.225,
132004,15国盛EB,600170.ss,上海建工,102.61,53.59,92.92%,AAA,0.62,18.7%,18.7%,2020-09-08,100.000,3.51,2021-11-05,103.000,0.233,
127004,模塑转债,000700.sz,模塑科技,171.498,85.64,100.27%,AA-,2.02,2.3%,2.3%,2021-06-02,100.000,5.07,2023-06-02,110.000,1.805,
128044,岭南转债,002717.sz,岭南股份,97.699,48.73,100.49%,AA-,0.98,20.3%,15.0%,2022-08-14,100.000,4.14,2024-08-14,107.000,3.008,
113589,天创转债,603608.ss,天创时尚,95.49,46.95,103.39%,AA,1.43,24.2%,24.2%,2024-06-24,100.000,8.60,2026-06-23,110.000,4.866,
113526,联泰转债,603797.ss,联泰环保,228.83,109.0,109.93%,AA+,2.23,6.4%,5.0%,2023-01-23,100.000,4.28,2025-01-22,106.000,3.449,2021年4月15日公告：本次（2021年3月4日至2021年4月15日）不行使转债的提前赎回权利，不提前赎回
113576,起步转债,603557.ss,ST起步,93.0,44.27,110.10%,A,1.43,11.5%,11.5%,2024-04-09,100.000,7.38,2026-04-09,115.000,4.660,2020年11月6日公告，本次（2020年10月16日至2020年11月5日）不行使起步转债的提前赎回权利，不提前赎回
113569,科达转债,603660.ss,苏州科达,99.47,46.42,114.29%,AA-,1.84,15.2%,15.2%,2024-03-08,100.000,10.36,2026-03-09,115.000,4.575,
128030,天康转债,002100.sz,天康生物,230.0,104.87,119.32%,AA,1.27,1.1%,1.1%,2021-12-22,100.000,5.17,2023-12-22,108.000,2.362,
132007,16凤凰EB,601928.ss,凤凰传媒,104.61,47.69,121.01%,AAA,1.06,30.7%,30.7%,2021-05-04,100.000,10.72,2021-10-31,105.000,0.219,
113574,华体转债,603679.ss,华体科技,111.8,48.3,131.45%,A+,2.93,9.0%,8.9%,2024-04-01,100.000,23.74,2026-03-30,110.000,4.633,
113584,家悦转债,603708.ss,家家悦,100.39,41.91,139.52%,AA,3.29,6.7%,6.7%,2024-06-04,100.000,26.27,2026-06-04,110.000,4.814,
113596,城地转债,603887.ss,城地香江,92.68,37.3,148.44%,AA-,0.99,37.5%,29.4%,2024-07-29,100.000,16.98,2026-07-27,108.000,4.959,
123065,宝莱转债,300246.sz,宝莱特,111.85,42.38,163.94%,AA-,2.64,11.8%,8.8%,2024-09-03,100.000,28.10,2026-09-03,115.000,5.063,
110044,广电转债,600831.ss,广电网络,236.77,79.48,197.91%,AA,1.03,1.8%,1.8%,2022-06-27,100.000,4.81,2024-06-27,108.000,2.877,2020年1月8日：公司本次（2019年11月26日至2020年1月7日）不行使广电转债的提前赎回权利，不提前赎回
128041,盛路转债,002446.sz,盛路通信,308.5,102.2,201.86%,AA,2.05,0.9%,0.8%,2022-07-17,100.000,4.77,2024-07-16,110.000,2.929,
113580,康隆转债,603665.ss,康隆达,228.85,75.63,202.60%,AA-,1.70,2.2%,2.2%,2024-04-22,100.000,10.86,2026-04-22,115.000,4.696,2020年12月31日公告：本次（2020年12月10日至2020年12月30日）不行使康隆转债的提前赎回权利，不提前赎回
128062,亚药转债,002370.sz,亚太药业,81.428,26.83,203.49%,BB,3.67,47.7%,41.2%,2023-04-03,100.000,11.38,2025-04-02,115.000,3.641,
123072,乐歌转债,300729.sz,乐歌股份,127.906,40.27,217.61%,A+,3.75,3.6%,3.5%,2024-10-21,100.000,39.28,2026-10-20,120.000,5.192,
123015,蓝盾转债,300297.sz,蓝盾股份,215.832,63.73,238.66%,BBB-,1.75,2.7%,2.2%,2022-08-13,100.000,4.05,2024-08-13,108.000,3.005,
132011,17浙报EB,600633.ss,浙数文化,101.2,28.63,256.98%,AAA,1.04,27.1%,27.1%,2022-05-17,100.000,16.60,2022-08-17,103.000,1.014,
123013,横河转债,300539.sz,横河精密,357.04,97.46,266.36%,A+,3.90,3.8%,2.0%,2022-07-26,100.000,6.33,2024-07-26,110.000,2.956,
