id,name,stock_id,stock_name,price,convert_value,premium_rt,rating_cd,pb,convert_amt_ratio,convert_amt_ratio2,next_put_dt,put_price,put_convert_price,maturity_dt,redeem_price,last_time,force_redeem,redeem_dt,force_redeem_price
123102,华自转债,300490.sz,华自科技,317.9,353.95,-10.18%,AA-,4.43,8.2%,8.0%,2025-03-11,100.000,6.47,2027-03-11,119.000,5.490,X,,12.03
123030,九洲转债,300040.sz,九洲集团,234.5,241.0,-2.70%,AA-,2.27,1.3%,1.0%,2023-08-21,100.000,2.80,2025-08-19,115.000,3.932,Y,2021-09-14,5.20
127029,中钢转债,000928.sz,中钢国际,180.525,184.72,-2.27%,AA+,2.32,7.0%,7.0%,2025-03-18,100.000,4.12,2027-03-18,113.000,5.510,X,,7.66
127040,国泰转债,002091.sz,江苏国泰,167.89,171.06,-1.86%,AA+,2.62,19.5%,18.9%,2025-07-07,100.000,6.31,2027-07-06,108.000,5.811,X,,11.73
127030,盛虹转债,000301.sz,东方盛虹,268.0,273.05,-1.85%,AA+,9.58,7.5%,2.7%,2025-03-21,100.000,9.87,2027-03-22,108.000,5.521,X,,18.33
113014,林洋转债,601222.ss,林洋能源,145.05,147.39,-1.59%,AA,2.05,5.9%,5.9%,2021-10-27,100.000,5.91,2023-10-27,106.000,2.118,Y,2021-09-28,10.97
110041,蒙电转债,600863.ss,内蒙华电,147.42,149.22,-1.21%,AAA,1.54,8.4%,8.4%,2021-12-21,100.000,1.79,2023-12-21,106.000,2.268,X,,3.33
113525,台华转债,603055.ss,台华新材,233.52,235.6,-0.88%,AA,4.78,2.8%,2.6%,2022-12-17,100.000,5.45,2024-12-16,110.000,3.258,N,,10.11
127018,本钢转债,000761.sz,本钢板材,134.5,135.06,-0.41%,AAA,1.13,24.6%,22.0%,2024-06-28,100.000,3.51,2026-06-28,119.000,4.789,X,,6.53
113572,三祥转债,603663.ss,三祥新材,163.78,164.44,-0.40%,A+,6.53,2.9%,2.9%,2024-03-11,100.000,9.86,2026-03-11,108.000,4.490,Y,2021-09-23,18.32
128085,鸿达转债,002002.sz,鸿达兴业,161.1,161.64,-0.33%,B,1.98,2.3%,2.2%,2023-12-18,100.000,2.74,2025-12-16,118.000,4.258,X,,5.08
110033,国贸转债,600755.ss,厦门国贸,134.87,135.27,-0.29%,AAA,0.65,5.3%,5.0%,2020-01-05,100.000,4.70,2022-01-05,108.000,0.310,X,,8.74
128103,同德转债,002360.sz,同德化工,197.266,197.83,-0.29%,A+,3.01,3.5%,2.7%,2024-03-25,100.000,3.56,2026-03-25,115.000,4.529,N,,6.60
127020,中金转债,000060.sz,中金岭南,137.15,137.37,-0.16%,AA+,1.81,15.8%,15.8%,2024-07-22,100.000,3.24,2026-07-19,110.000,4.847,X,,6.02
113615,金诚转债,603979.ss,金诚信,223.82,224.11,-0.13%,AA,3.39,5.4%,5.4%,2024-12-23,100.000,8.86,2026-12-22,112.000,5.274,N,,16.45
128113,比音转债,002832.sz,比音勒芬,196.549,196.64,-0.05%,AA,5.68,2.9%,1.9%,2024-06-14,100.000,10.22,2026-06-14,112.000,4.751,N,,18.98
113607,伟20转债,603568.ss,伟明环保,131.65,131.69,-0.03%,AA,6.22,3.3%,3.3%,2024-11-01,100.000,15.20,2026-11-01,110.000,5.134,X,,28.22
120004,20华菱EB,000932.sz,华菱钢铁,171.0,170.93,0.04%,AAA,1.46,3.1%,2.6%,2024-01-09,100.000,3.44,2025-01-08,110.000,3.321,X,,6.40
113549,白电转债,603861.ss,白云电器,129.44,129.22,0.17%,AA,1.88,18.7%,17.6%,2023-11-14,100.000,6.18,2025-11-14,110.000,4.170,X,,11.48
132014,18中化EB,601117.ss,中国化学,175.0,174.7,0.38%,AAA,2.04,2.6%,2.1%,2022-04-24,100.000,5.17,2023-04-24,106.000,1.608,N,,9.61
113039,嘉泽转债,601619.ss,嘉泽新能,141.02,140.46,0.40%,AA,2.57,4.6%,4.5%,2024-08-23,100.000,2.42,2026-08-23,108.000,4.942,X,,4.50
110048,福能转债,600483.ss,福能股份,197.15,196.18,0.50%,AA+,1.72,7.6%,6.8%,2022-12-07,100.000,5.50,2024-12-06,109.000,3.230,N,,10.21
123042,银河转债,300619.sz,金银河,242.9,241.18,0.71%,A+,8.25,5.0%,3.8%,2024-01-15,100.000,17.07,2026-01-13,110.000,4.334,N,,31.69
123067,斯莱转债,300382.sz,斯莱克,330.2,327.88,0.71%,AA-,15.66,1.9%,1.9%,2024-09-16,100.000,6.55,2026-09-16,115.000,5.008,N,,12.17
113585,寿仙转债,603896.ss,寿仙谷,148.86,147.67,0.80%,AA-,4.44,1.7%,1.7%,2024-06-10,100.000,19.87,2026-06-08,112.000,4.734,N,,36.89
113016,小康转债,601127.ss,小康股份,473.24,469.1,0.88%,AA-,13.86,0.3%,0.2%,2021-11-06,100.000,11.87,2023-11-06,106.000,2.145,N,,22.05
128096,奥瑞转债,002701.sz,奥瑞金,136.084,134.67,1.05%,AA+,2.07,4.6%,4.6%,2024-02-12,100.000,3.15,2026-02-11,110.000,4.414,N,,5.85
113009,广汽转债,601238.ss,广汽集团,134.15,132.71,1.08%,AAA,2.19,1.9%,1.3%,2021-01-22,100.680,9.78,2022-01-22,106.000,0.356,X,,18.16
123068,弘信转债,300657.sz,弘信电子,142.3,140.61,1.20%,AA-,6.20,6.0%,5.6%,2024-10-14,100.000,10.74,2026-10-14,115.000,5.085,X,,19.94
113027,华钰转债,601020.ss,ST华钰,169.88,167.75,1.27%,A,3.65,3.4%,3.4%,2023-06-14,100.000,7.12,2025-06-13,110.000,3.748,N,,13.22
113528,长城转债,603897.ss,长城科技,218.71,215.59,1.45%,AA-,4.20,5.8%,5.8%,2023-03-01,100.000,16.34,2025-03-01,112.000,3.463,N,,30.36
128013,洪涛转债,002325.sz,洪涛股份,114.6,112.93,1.48%,A-,1.15,45.7%,34.7%,2020-07-29,100.000,1.62,2022-07-29,108.000,0.871,X,,3.02
128111,中矿转债,002738.sz,中矿资源,489.85,482.1,1.61%,AA-,6.79,0.7%,0.6%,2024-06-10,100.000,10.79,2026-06-10,118.000,4.740,N,,20.05
123028,清水转债,300437.sz,清水源,173.0,170.1,1.70%,A+,3.85,16.1%,10.2%,2023-06-19,100.000,8.29,2025-06-18,115.000,3.762,X,,15.39
123089,九洲转2,300040.sz,九洲集团,172.629,169.72,1.72%,AA-,2.27,7.4%,5.6%,2024-12-20,100.000,3.98,2026-12-20,115.000,5.268,N,,7.38
110077,洪城转债,600461.ss,洪城环境,132.2,129.81,1.84%,AA+,1.52,22.7%,21.8%,2024-11-19,100.000,4.70,2026-11-19,110.000,5.184,X,,8.72
123052,飞鹿转债,300665.sz,飞鹿股份,158.77,155.89,1.85%,A+,3.54,10.6%,7.9%,2024-06-04,100.000,4.93,2026-06-04,120.000,4.723,N,,9.16
128050,钧达转债,002865.sz,钧达股份,188.315,184.66,1.98%,AA-,3.43,3.9%,3.8%,2022-12-10,100.000,10.36,2024-12-10,118.000,3.241,N,,19.24
128018,时达转债,002527.sz,新时达,145.326,142.39,2.06%,AA,2.36,7.9%,6.2%,2021-11-06,100.000,5.15,2023-11-06,106.000,2.145,X,,9.57
128130,景兴转债,002067.sz,景兴纸业,125.238,122.65,2.11%,AA,0.94,24.6%,21.7%,2024-08-30,100.000,2.72,2026-08-30,110.000,4.962,X,,4.42
113568,新春转债,603667.ss,五洲新春,200.83,196.23,2.34%,AA-,2.79,5.9%,5.4%,2024-03-05,100.000,6.12,2026-03-05,118.000,4.474,N,,11.38
128109,楚江转债,002171.sz,楚江新材,153.8,150.29,2.34%,AA,2.96,11.3%,10.6%,2024-06-03,100.000,6.04,2026-06-03,110.000,4.721,X,,11.22
128082,华锋转债,002806.sz,华锋股份,163.5,159.69,2.38%,A,2.55,8.7%,7.9%,2023-12-04,100.000,6.39,2025-12-03,115.000,4.222,N,,11.87
113527,维格转债,603518.ss,锦泓集团,174.51,170.15,2.56%,AA,2.02,6.0%,6.0%,2023-01-23,100.000,6.89,2025-01-23,115.000,3.362,N,,12.80
113545,金能转债,603113.ss,金能科技,203.98,198.56,2.73%,AA,2.03,6.8%,5.8%,2023-10-13,100.000,7.30,2025-10-13,110.000,4.082,N,,13.56
123086,海兰转债,300065.sz,海兰信,162.0,157.22,3.04%,AA-,4.27,10.4%,8.7%,2024-12-10,100.000,5.09,2026-12-10,118.000,5.241,N,,9.45
123051,今天转债,300532.sz,今天国际,134.19,130.11,3.13%,A+,3.56,15.1%,9.0%,2024-06-03,100.000,6.09,2026-06-03,116.000,4.721,X,,11.31
132018,G三峡EB1,600900.ss,长江电力,123.62,120.01,3.19%,AAA,2.77,3.9%,3.9%,2023-04-10,100.000,11.72,2024-04-09,108.000,2.570,X,,20.09
123046,天铁转债,300587.sz,天铁股份,367.71,355.93,3.31%,AA-,7.21,0.6%,0.5%,2024-03-18,100.000,4.13,2026-03-18,112.000,4.510,N,,7.67
123083,朗新转债,300682.sz,朗新科技,141.802,136.7,3.73%,AA,4.01,5.3%,3.7%,2024-12-09,100.000,10.81,2026-12-08,110.000,5.236,X,,20.09
120003,19华菱EB,000932.sz,华菱钢铁,195.39,188.14,3.85%,AAA,1.46,4.2%,3.4%,2023-11-24,100.000,3.13,2024-11-22,110.000,3.192,X,,5.81
128075,远东转债,002406.sz,远东传动,128.609,123.44,4.19%,AA,1.22,16.8%,13.3%,2023-09-25,100.000,3.70,2025-09-23,110.000,4.027,N,,6.88
123084,高澜转债,300499.sz,高澜股份,166.07,158.89,4.52%,A+,4.34,8.2%,6.7%,2024-12-09,100.000,6.30,2026-12-09,115.000,5.238,N,,11.70
123098,一品转债,300723.sz,一品红,131.44,125.67,4.59%,AA-,5.90,10.7%,4.6%,2025-01-27,100.000,17.84,2027-01-27,118.000,5.373,N,,33.12
110061,川投转债,600674.ss,川投能源,146.32,139.89,4.60%,AAA,1.92,7.0%,7.0%,2023-11-10,100.000,6.44,2025-11-10,106.000,4.159,X,,11.96
113504,艾华转债,603989.ss,艾华集团,169.5,162.04,4.61%,AA,4.77,3.6%,3.6%,2022-03-02,100.000,14.57,2024-03-01,106.000,2.463,N,,27.05
113621,彤程转债,603650.ss,彤程新材,185.63,177.19,4.76%,AA,13.86,1.6%,1.6%,2025-01-27,100.000,22.83,2027-01-25,110.000,5.367,N,,42.41
128057,博彦转债,002649.sz,博彦科技,126.698,120.71,4.96%,AA-,1.75,10.3%,9.0%,2023-03-05,100.000,5.95,2025-03-05,112.000,3.474,X,,11.05
113541,荣晟转债,603165.ss,荣晟环保,129.98,123.43,5.31%,AA-,2.04,4.6%,4.6%,2023-07-24,100.000,7.59,2025-07-22,110.000,3.855,X,,14.09
113048,晶科转债,601778.ss,晶科科技,168.55,160.04,5.32%,AA,2.08,19.6%,12.4%,2025-04-22,100.000,3.84,2027-04-22,112.000,5.605,X,,7.12
128094,星帅转债,002860.sz,星帅尔,143.499,136.16,5.39%,A+,3.44,7.9%,5.7%,2024-01-16,100.000,9.66,2026-01-16,115.000,4.342,N,,17.94
110074,精达转债,600577.ss,精达股份,236.78,224.13,5.64%,AA,4.00,3.4%,3.4%,2024-08-19,100.000,2.61,2026-08-18,112.000,4.929,N,,4.85
123069,金诺转债,300505.sz,川金诺,262.123,247.77,5.79%,AA-,6.07,4.9%,3.5%,2024-10-15,100.000,13.36,2026-10-15,120.000,5.088,N,,24.82
128093,百川转债,002455.sz,百川股份,387.0,365.16,5.98%,AA-,7.50,1.7%,1.4%,2024-01-03,100.000,4.04,2026-01-03,120.000,4.307,N,,7.50
123035,利德转债,300296.sz,利亚德,160.997,151.44,6.31%,AA+,3.64,3.9%,3.0%,2023-11-13,100.000,4.87,2025-11-13,110.000,4.167,N,,9.05
123047,久吾转债,300631.sz,久吾高科,295.4,277.57,6.42%,A+,6.47,3.1%,3.0%,2024-03-19,100.000,12.20,2026-03-19,121.000,4.512,Y,2021-10-20,22.66
113034,滨化转债,601678.ss,滨化股份,263.38,247.16,6.56%,AA,2.33,2.1%,2.1%,2024-04-09,100.000,3.21,2026-04-09,110.000,4.570,N,,5.95
110070,凌钢转债,600231.ss,凌钢股份,151.37,142.01,6.59%,AA,1.18,2.0%,2.0%,2024-04-12,100.000,1.88,2026-04-12,112.000,4.578,X,,3.50
118000,嘉元转债,688388.ss,嘉元科技,162.74,152.4,6.78%,AA-,9.15,6.2%,4.5%,2025-02-24,100.000,55.12,2027-02-22,115.000,5.444,X,,102.36
123085,万顺转2,300057.sz,万顺新材,141.317,132.1,6.98%,AA-,1.55,21.4%,15.8%,2024-12-10,100.000,4.34,2026-12-10,108.000,5.241,X,,8.06
123112,万讯转债,300112.sz,万讯自控,130.5,121.95,7.01%,AA-,2.82,11.2%,7.9%,2025-04-07,100.000,6.25,2027-04-07,118.000,5.564,X,,11.61
123012,万顺转债,300057.sz,万顺新材,166.362,155.41,7.05%,AA-,1.55,3.1%,2.3%,2022-07-20,100.000,3.69,2024-07-20,106.000,2.849,N,,6.85
113026,核能转债,601985.ss,中国核电,127.2,118.32,7.50%,AAA,1.63,6.8%,6.6%,2023-04-17,100.000,4.01,2025-04-14,105.000,3.584,X,,7.45
127027,靖远转债,000552.sz,靖远煤电,123.51,114.86,7.53%,AA+,1.01,33.0%,33.0%,2024-12-09,100.000,2.26,2026-12-09,110.000,5.238,X,,4.20
128128,齐翔转2,002408.sz,齐翔腾达,232.714,216.31,7.58%,AA,2.94,2.6%,2.5%,2024-08-19,100.000,5.58,2026-08-19,110.000,4.932,N,,10.36
128046,利尔转债,002258.sz,利尔化学,195.539,181.54,7.71%,AA,4.01,4.6%,4.6%,2022-10-17,100.000,12.89,2024-10-17,108.000,3.093,N,,23.95
128100,搜特转债,002503.sz,搜于特,111.158,103.09,7.83%,A,2.12,18.8%,15.5%,2024-03-11,100.000,1.13,2026-03-11,112.000,4.490,X,,2.11
128081,海亮转债,002203.sz,海亮股份,134.1,124.15,8.02%,AA,2.29,13.4%,12.7%,2023-11-21,100.000,6.78,2025-11-21,110.000,4.189,X,,12.60
127042,嘉美转债,002969.sz,嘉美包装,120.121,111.09,8.13%,AA,2.40,31.2%,14.4%,2025-08-11,100.000,3.41,2027-08-09,112.000,5.904,X,,6.33
113025,明泰转债,601677.ss,明泰铝业,396.97,367.09,8.14%,AA,2.88,4.0%,4.0%,2023-04-10,100.000,7.70,2025-04-09,110.000,3.570,N,,14.30
123063,大禹转债,300021.sz,大禹节水,122.7,113.46,8.15%,AA-,2.72,18.1%,14.5%,2025-07-28,100.000,3.38,2026-07-27,120.000,4.868,X,,6.28
127011,中鼎转2,000887.sz,中鼎股份,160.941,148.81,8.15%,AA+,2.25,5.8%,5.8%,2023-03-08,100.000,7.97,2025-03-08,110.000,3.482,N,,14.81
110071,湖盐转债,600929.ss,雪天盐业,137.52,126.69,8.55%,AA,2.83,9.5%,9.4%,2024-07-09,100.000,4.56,2026-07-09,110.000,4.819,X,,8.48
123071,天能转债,300569.sz,天能重工,140.95,129.71,8.67%,AA-,3.25,13.6%,8.5%,2024-10-21,100.000,5.54,2026-10-20,115.000,5.101,X,,10.28
113536,三星转债,603578.ss,三星新材,125.8,115.55,8.87%,AA,2.60,7.3%,7.3%,2023-05-31,100.000,9.63,2025-05-30,110.000,3.710,X,,17.89
110079,杭银转债,600926.ss,杭州银行,125.48,115.24,8.88%,AAA,1.04,19.9%,16.9%,,,-,2027-03-29,108.000,5.540,X,,16.89
113534,鼎胜转债,603876.ss,鼎胜新材,348.18,319.5,8.98%,AA-,5.25,1.9%,1.9%,2023-04-10,100.000,10.63,2025-04-08,110.000,3.567,N,,19.73
110043,无锡转债,600908.ss,无锡银行,122.65,112.12,9.39%,AA+,0.76,26.7%,24.9%,,,-,2024-01-30,106.000,2.378,X,,7.29
113550,常汽转债,603035.ss,常熟汽饰,163.04,148.45,9.83%,AA-,1.28,4.3%,4.3%,2023-11-17,100.000,6.53,2025-11-17,115.000,4.178,N,,12.13
113030,东风转债,601515.ss,东风股份,137.18,124.81,9.91%,AA,2.40,2.7%,2.7%,2023-12-25,100.000,4.51,2025-12-23,112.000,4.277,X,,8.38
128141,旺能转债,002034.sz,旺能环境,125.151,113.84,9.94%,AA,1.57,18.4%,18.3%,2024-12-16,100.000,11.18,2026-12-16,110.000,5.258,X,,20.76
123031,晶瑞转债,300655.sz,晶瑞电材,533.66,484.7,10.10%,A+,11.93,0.4%,0.3%,2023-08-28,100.000,7.09,2025-08-28,111.000,3.956,N,,13.17
113609,永安转债,603776.ss,永安行,119.46,108.43,10.17%,AA-,1.22,17.6%,17.6%,2024-11-25,100.000,11.54,2026-11-23,115.000,5.195,X,,21.42
110063,鹰19转债,600567.ss,山鹰国际,125.11,113.5,10.23%,AA+,1.04,10.6%,10.6%,2023-12-12,100.000,2.28,2025-12-12,111.000,4.247,X,,4.24
128133,奇正转债,002287.sz,奇正藏药,120.728,109.34,10.42%,AA,5.03,4.7%,4.6%,2024-09-23,100.000,20.85,2026-09-21,112.000,5.022,X,,38.71
110066,盛屯转债,600711.ss,盛屯矿业,303.86,274.95,10.52%,AA,3.20,1.1%,1.0%,2024-03-01,100.000,3.41,2026-03-02,110.000,4.466,N,,6.33
127035,濮耐转债,002225.sz,濮耐股份,127.074,114.9,10.60%,AA,1.68,15.1%,12.2%,2024-05-27,100.000,3.10,2026-05-25,108.800,4.696,X,,5.76
123078,飞凯转债,300398.sz,飞凯材料,130.027,117.54,10.62%,AA,3.17,8.7%,8.6%,2024-11-26,100.000,10.89,2026-11-26,110.000,5.203,N,,18.67
113051,节能转债,601016.ss,节能风电,141.22,127.65,10.63%,AA+,2.47,13.0%,11.6%,2025-06-20,100.000,2.83,2027-06-21,110.000,5.770,X,,5.26
123050,聚飞转债,300303.sz,聚飞光电,137.7,124.41,10.68%,AA-,3.45,4.9%,4.4%,2024-04-15,100.000,3.56,2026-04-13,118.000,4.581,N,,6.60
123111,东财转3,300059.sz,东方财富,168.14,151.61,10.91%,AA+,9.52,5.2%,4.3%,2025-04-07,100.000,16.34,2027-04-06,107.000,5.562,X,,30.36
123091,长海转债,300196.sz,长海股份,149.575,134.76,10.99%,AA,2.79,10.3%,6.2%,2024-12-23,100.000,11.30,2026-12-22,111.000,5.274,X,,20.98
123100,朗科转债,300543.sz,朗科智能,132.2,119.04,11.06%,AA-,3.63,13.4%,10.3%,2025-02-10,100.000,8.13,2027-02-08,112.000,5.405,X,,15.09
123082,北陆转债,300016.sz,北陆药业,119.8,107.83,11.10%,A+,2.56,12.9%,10.7%,2024-12-06,100.000,6.17,2026-12-06,115.000,5.230,X,,11.45
113047,旗滨转债,601636.ss,旗滨集团,195.79,175.94,11.28%,AA+,5.48,2.5%,2.5%,2025-04-08,100.000,8.96,2027-04-08,110.000,5.567,X,,16.64
128108,蓝帆转债,002382.sz,蓝帆医疗,120.615,108.39,11.28%,AA,1.54,7.7%,7.6%,2025-05-27,100.000,12.77,2026-05-27,108.000,4.701,N,,23.71
123080,海波转债,300517.sz,海波重科,121.31,108.98,11.31%,A+,2.68,17.1%,10.0%,2024-12-02,100.000,8.11,2026-12-01,120.000,5.216,X,,15.05
113577,春秋转债,603890.ss,春秋电子,125.02,112.26,11.37%,AA-,2.76,3.8%,3.3%,2024-04-15,100.000,7.59,2026-04-13,112.000,4.581,N,,14.11
128143,锋龙转债,002931.sz,锋龙股份,120.336,107.93,11.49%,A+,3.97,10.0%,8.9%,2025-01-07,100.000,8.91,2027-01-07,115.000,5.318,X,,16.55
110047,山鹰转债,600567.ss,山鹰国际,125.01,112.12,11.50%,AA+,1.04,13.2%,13.2%,2022-11-21,100.000,2.31,2024-11-21,113.000,3.189,X,,4.29
123097,美力转债,300611.sz,美力科技,120.152,107.76,11.50%,A+,2.25,24.6%,16.8%,2025-01-27,100.000,6.50,2027-01-26,115.000,5.370,X,,12.06
123118,惠城转债,300779.sz,惠城环保,121.16,108.18,12.00%,A+,2.80,24.7%,17.3%,2025-07-07,100.000,11.98,2027-07-06,115.000,5.811,X,,22.24
128107,交科转债,002061.sz,浙江交科,119.504,106.68,12.02%,AA+,0.85,32.5%,32.5%,2024-04-22,100.000,3.67,2026-04-22,110.000,4.605,X,,6.81
128091,新天转债,002873.sz,新天药业,124.378,110.88,12.17%,A+,2.50,8.8%,8.3%,2024-01-01,100.000,11.39,2025-12-30,113.000,4.296,X,,21.15
123070,鹏辉转债,300438.sz,鹏辉能源,165.002,146.86,12.35%,AA,5.03,7.9%,6.0%,2024-10-21,100.000,14.06,2026-10-19,110.000,5.099,N,,26.10
123060,苏试转债,300416.sz,苏试试验,141.003,125.38,12.46%,AA-,5.95,5.2%,5.1%,2024-07-22,100.000,12.80,2026-07-20,112.000,4.849,N,,23.76
123027,蓝晓转债,300487.sz,蓝晓科技,345.233,306.69,12.57%,A+,10.38,0.9%,0.5%,2023-06-12,100.000,20.31,2025-06-10,113.000,3.740,N,,37.73
110045,海澜转债,600398.ss,海澜之家,124.41,110.37,12.72%,AA+,2.35,8.8%,8.8%,2022-07-13,100.000,4.93,2024-07-13,108.000,2.830,X,,9.15
113591,胜达转债,603687.ss,大胜达,114.86,101.83,12.80%,AA-,2.02,43.5%,15.0%,2024-07-01,100.000,6.13,2026-06-30,116.000,4.795,X,,11.39
113537,文灿转债,603348.ss,文灿股份,191.96,170.07,12.87%,AA-,3.22,1.7%,1.6%,2023-06-12,100.000,13.50,2025-06-09,115.000,3.737,N,,25.06
110055,伊力转债,600197.ss,伊力特,184.92,163.32,13.23%,AA,3.35,1.9%,1.9%,2023-03-15,100.000,11.49,2025-03-15,110.000,3.501,N,,21.33
128026,众兴转债,002772.sz,众兴菌业,119.28,105.02,13.58%,AA-,1.56,13.2%,8.4%,2021-12-13,100.000,7.95,2023-12-13,106.000,2.247,X,,14.77
128048,张行转债,002839.sz,张家港行,121.117,106.61,13.61%,AA+,0.79,27.5%,23.1%,,,-,2024-11-12,109.000,3.164,X,,7.28
123022,长信转债,300088.sz,长信科技,162.1,142.48,13.77%,AA,2.92,1.2%,1.2%,2023-03-18,100.000,4.24,2025-03-18,110.000,3.510,N,,7.87
113626,伯特转债,603596.ss,伯特利,163.87,143.83,13.93%,AA,6.97,4.3%,4.3%,2025-06-27,100.000,25.20,2027-06-28,116.000,5.789,X,,46.80
113570,百达转债,603331.ss,百达精工,121.72,106.79,13.98%,A+,2.42,13.0%,13.0%,2024-03-11,100.000,7.94,2026-03-10,110.000,4.488,X,,14.74
128063,未来转债,002631.sz,德尔未来,118.0,103.37,14.15%,AA-,3.30,10.8%,10.6%,2024-04-03,100.000,6.02,2025-04-03,120.000,3.553,X,,11.18
128134,鸿路转债,002541.sz,鸿路钢构,132.068,115.61,14.24%,AA,4.17,8.3%,5.9%,2024-10-08,100.000,30.46,2026-10-08,110.000,5.068,X,,56.56
128145,日丰转债,002953.sz,日丰股份,120.939,105.86,14.25%,AA-,2.96,35.6%,10.8%,2025-03-21,100.000,9.56,2027-03-22,110.000,5.521,X,,17.76
128097,奥佳转债,002614.sz,奥佳华,162.001,141.77,14.27%,AA,1.96,7.0%,4.9%,2024-02-26,100.000,7.27,2026-02-25,110.000,4.452,N,,13.51
113610,灵康转债,603669.ss,灵康药业,117.01,102.32,14.35%,AA-,4.47,7.3%,7.3%,2024-11-29,100.000,6.03,2026-11-30,115.000,5.214,X,,11.19
113548,石英转债,603688.ss,石英股份,344.02,300.74,14.39%,AA-,7.90,0.8%,0.8%,2023-10-27,100.000,10.45,2025-10-27,118.000,4.121,N,,19.41
110057,现代转债,600420.ss,国药现代,117.2,102.45,14.40%,AAA,1.22,15.7%,15.7%,2023-04-01,100.000,6.85,2025-03-31,106.000,3.545,X,,12.73
128017,金禾转债,002597.sz,金禾实业,222.8,194.36,14.64%,AA,4.67,2.3%,2.3%,2021-11-01,100.000,15.38,2023-11-01,106.000,2.132,N,,28.56
123073,同和转债,300636.sz,同和药业,122.68,106.95,14.71%,A+,3.84,12.9%,11.0%,2024-10-26,100.000,10.37,2026-10-25,116.000,5.115,X,,19.27
113623,凤21转债,603225.ss,新凤鸣,151.05,131.57,14.80%,AA,2.45,7.7%,7.5%,2025-04-07,100.000,11.53,2027-04-07,112.000,5.564,X,,21.41
123061,航新转债,300424.sz,航新科技,126.486,110.17,14.81%,A+,5.46,7.6%,6.4%,2024-07-22,100.000,10.39,2026-07-21,118.000,4.852,X,,19.30
128087,孚日转债,002083.sz,孚日股份,107.407,93.56,14.81%,AA-,1.03,17.0%,17.0%,2023-12-18,100.000,3.15,2025-12-17,108.000,4.260,X,,5.85
110080,东湖转债,600133.ss,东湖高新,111.69,97.19,14.92%,AA,0.80,34.0%,33.1%,2025-04-11,100.000,4.24,2027-04-12,110.000,5.578,X,,7.87
128095,恩捷转债,002812.sz,恩捷股份,549.5,477.63,15.05%,AA,22.85,0.2%,0.2%,2024-02-12,100.000,45.44,2026-02-11,110.000,4.414,N,,84.40
123106,正丹转债,300641.sz,正丹股份,123.0,106.4,15.60%,AA-,2.61,8.2%,8.2%,2025-03-24,100.000,5.25,2027-03-23,120.000,5.523,X,,9.75
128029,太阳转债,002078.sz,太阳纸业,178.396,154.32,15.60%,AA+,1.92,2.7%,2.6%,2020-12-22,100.000,5.92,2022-12-22,106.000,1.271,X,,10.98
127005,长证转债,000783.sz,长江证券,129.5,111.78,15.85%,AAA,1.48,11.3%,11.3%,,,-,2024-03-12,105.000,2.493,X,,9.27
128119,龙大转债,002726.sz,龙大肉食,123.996,107.0,15.89%,AA,2.99,9.6%,8.8%,2024-07-15,100.000,6.50,2026-07-12,115.000,4.827,N,,12.08
113582,火炬转债,603678.ss,火炬电子,328.02,282.83,15.98%,AA,7.62,1.3%,1.3%,2024-05-27,100.000,17.49,2026-05-27,110.000,4.701,N,,32.49
123057,美联转债,300586.sz,美联新材,130.845,112.74,16.06%,AA-,4.54,6.7%,3.7%,2024-07-01,100.000,6.65,2026-06-30,112.000,4.795,X,,12.35
123062,三超转债,300554.sz,三超新材,119.898,103.27,16.10%,A,2.85,20.8%,11.8%,2024-07-26,100.000,11.99,2026-07-26,113.000,4.866,X,,22.27
123092,天壕转债,300332.sz,天壕环境,180.12,155.11,16.13%,A+,2.04,6.2%,6.0%,2024-12-23,100.000,3.63,2026-12-23,115.000,5.277,N,,6.75
128106,华统转债,002840.sz,华统股份,115.33,99.25,16.20%,AA,2.25,13.2%,12.9%,2024-04-09,100.000,6.56,2026-04-09,108.000,4.570,X,,12.18
128090,汽模转2,002510.sz,天汽模,121.73,104.73,16.23%,AA-,1.99,7.5%,7.4%,2023-12-27,100.000,2.96,2025-12-27,110.000,4.288,X,,5.50
128078,太极转债,002368.sz,太极股份,134.4,115.62,16.24%,AA,4.21,6.5%,6.5%,2023-10-23,100.000,15.55,2025-10-21,112.000,4.104,X,,28.87
111000,起帆转债,605222.ss,起帆电缆,127.09,108.72,16.90%,AA-,2.76,44.8%,11.2%,2025-05-23,100.000,14.37,2027-05-24,115.000,5.693,X,,26.69
113033,利群转债,601366.ss,利群股份,105.4,90.16,16.91%,AA,1.20,34.1%,33.1%,2024-04-01,100.000,4.91,2026-03-31,110.000,4.545,X,,9.11
128037,岩土转债,002542.sz,中化岩土,113.801,97.1,17.20%,AA,1.32,13.8%,11.1%,2022-03-15,100.000,2.17,2024-03-15,108.000,2.501,X,,4.03
128140,润建转债,002929.sz,润建股份,135.866,115.91,17.22%,AA,1.98,22.0%,16.1%,2024-12-06,100.000,18.48,2026-12-04,110.000,5.225,X,,34.32
127022,恒逸转债,000703.sz,恒逸石化,131.1,111.79,17.28%,AA+,1.75,4.7%,4.4%,2024-10-15,100.000,7.84,2026-10-15,105.000,5.088,X,,14.56
113011,光大转债,601818.ss,光大银行,115.29,98.03,17.61%,AAA,0.41,16.8%,12.9%,,,-,2023-03-17,105.000,1.504,X,,4.62
113505,杭电转债,603618.ss,杭电股份,114.46,97.18,17.79%,AA,1.67,15.8%,15.8%,2022-03-06,100.000,4.96,2024-03-05,108.000,2.474,X,,9.20
113024,核建转债,601611.ss,中国核建,123.57,104.85,17.86%,AAA,1.54,11.2%,11.1%,2023-04-10,100.000,6.79,2025-04-07,105.000,3.564,X,,12.61
128033,迪龙转债,002658.sz,雪迪龙,127.9,108.5,17.88%,AA,2.42,9.5%,5.0%,2021-12-27,100.000,6.10,2023-12-27,106.000,2.285,X,,11.32
128127,文科转债,002775.sz,文科园林,101.86,86.27,18.07%,AA-,0.95,50.6%,44.0%,2024-08-19,100.000,3.42,2026-08-19,115.000,4.932,X,,6.34
128129,青农转债,002958.sz,青农商行,109.59,91.9,19.25%,AAA,0.67,46.7%,22.7%,,,-,2026-08-24,108.000,4.945,X,,5.62
110053,苏银转债,600919.ss,江苏银行,119.31,99.84,19.50%,AAA,0.51,21.4%,21.3%,,,-,2025-03-13,111.000,3.496,X,,8.28
128066,亚泰转债,002811.sz,郑中设计,105.984,88.67,19.52%,AA-,1.47,24.0%,21.6%,2023-04-17,100.000,6.49,2025-04-17,112.000,3.592,X,,12.05
123024,岱勒转债,300700.sz,岱勒新材,117.496,98.3,19.53%,A+,2.87,19.6%,14.1%,2022-03-21,100.000,9.87,2024-03-21,110.000,2.518,X,,18.33
123103,震安转债,300767.sz,震安科技,213.1,178.22,19.57%,A+,16.47,2.4%,1.4%,2025-03-11,100.000,39.82,2027-03-11,115.000,5.490,X,,73.96
128040,华通转债,002758.sz,浙农股份,115.7,96.55,19.83%,AA,1.54,11.6%,4.6%,2022-06-14,100.000,7.11,2024-06-13,108.000,2.748,X,,13.20
128034,江银转债,002807.sz,江阴银行,109.48,91.2,20.04%,AA+,0.70,20.6%,20.5%,,,-,2024-01-26,106.000,2.367,X,,5.62
128144,利民转债,002734.sz,利民股份,123.47,102.78,20.13%,AA,1.61,25.6%,22.3%,2025-02-28,100.000,8.05,2027-02-28,110.000,5.460,X,,14.95
113044,大秦转债,601006.ss,大秦铁路,105.73,87.88,20.31%,AAA,0.78,34.1%,34.1%,2024-12-13,100.000,5.03,2026-12-13,108.000,5.249,X,,8.62
113546,迪贝转债,603320.ss,迪贝电气,118.24,97.86,20.83%,A+,2.36,12.9%,12.9%,2023-10-23,100.000,9.80,2025-10-22,115.000,4.107,X,,18.20
127014,北方转债,000065.sz,北方国际,121.44,100.46,20.88%,AA+,1.14,9.1%,7.9%,2023-10-23,100.000,6.05,2025-10-23,110.000,4.110,X,,11.24
118001,金博转债,688598.ss,金博股份,172.24,142.11,21.20%,A+,20.37,2.4%,1.9%,2025-07-22,100.000,190.13,2027-07-22,115.000,5.855,X,,353.11
123110,九典转债,300705.sz,九典制药,123.08,101.44,21.34%,A+,6.25,7.1%,4.3%,2025-03-31,100.000,18.51,2027-03-31,115.000,5.545,X,,34.37
113049,长汽转债,601633.ss,长城汽车,198.98,163.97,21.35%,AAA,9.76,0.9%,0.6%,2025-06-09,100.000,26.81,2027-06-09,107.000,5.737,X,,49.79
113593,沪工转债,603131.ss,上海沪工,128.08,105.49,21.41%,A+,5.41,6.0%,5.6%,2024-07-22,100.000,14.78,2026-07-19,115.000,4.847,X,,27.46
127028,英特转债,000411.sz,英特集团,109.799,90.37,21.50%,AA+,1.63,23.9%,19.9%,2025-01-06,100.000,9.38,2027-01-04,108.000,5.310,X,,17.42
123087,明电转债,300739.sz,明阳电路,123.63,101.72,21.54%,AA-,3.37,8.8%,8.6%,2025-12-15,100.000,9.79,2026-12-14,115.000,5.252,X,,21.22
110060,天路转债,600326.ss,西藏天路,121.58,99.86,21.75%,AA,1.45,10.9%,10.9%,2023-10-27,100.000,4.96,2025-10-27,110.000,4.121,N,,9.20
123105,拓尔转债,300229.sz,拓尔思,127.495,104.72,21.75%,AA-,3.20,10.8%,10.7%,2025-03-18,100.000,6.97,2027-03-18,115.000,5.510,X,,12.95
123002,国祯转债,300388.sz,节能国祯,115.069,94.5,21.77%,AA,1.52,4.6%,4.6%,2021-11-24,100.000,5.85,2023-11-24,106.000,2.195,X,,10.87
123043,正元转债,300645.sz,正元智慧,164.0,134.4,22.03%,A+,3.84,6.3%,6.3%,2024-03-04,100.000,10.77,2026-03-04,115.000,4.471,X,,19.99
113599,嘉友转债,603871.ss,嘉友国际,117.06,95.91,22.06%,AA-,2.39,14.4%,14.4%,2024-08-04,100.000,12.82,2026-08-04,120.000,4.890,X,,23.82
123048,应急转债,300527.sz,中船应急,130.88,107.21,22.08%,AA+,3.30,4.1%,4.1%,2024-04-09,100.000,6.22,2026-04-09,108.000,4.570,N,,11.54
113013,国君转债,601211.ss,国泰君安,121.78,99.67,22.18%,AAA,1.17,5.1%,4.3%,,,-,2023-07-06,105.000,1.808,X,,23.98
127039,北港转债,000582.sz,北部湾港,123.4,100.96,22.23%,AAA,1.30,28.1%,21.8%,2025-06-27,100.000,5.84,2027-06-30,108.000,5.795,X,,10.86
113603,东缆转债,603606.ss,东方电缆,136.65,111.75,22.28%,AA,4.75,4.6%,4.6%,2024-09-23,100.000,16.55,2026-09-23,110.000,5.027,X,,30.75
113516,苏农转债,603323.ss,苏农银行,119.08,97.21,22.50%,AA+,0.75,17.1%,13.7%,,,-,2024-08-01,110.000,2.882,X,,6.98
113598,法兰转债,603966.ss,法兰泰克,116.71,95.26,22.52%,AA-,2.26,10.0%,9.9%,2024-07-30,100.000,6.79,2026-07-30,115.000,4.877,X,,12.61
127034,绿茵转债,002887.sz,绿茵生态,105.899,86.19,22.87%,AA-,1.54,41.6%,21.4%,2025-04-29,100.000,8.67,2027-04-29,113.000,5.625,X,,16.09
123045,雷迪转债,300652.sz,雷迪克,120.789,98.17,23.05%,A+,1.92,10.3%,9.2%,2024-03-11,100.000,13.74,2026-03-11,113.000,4.490,X,,25.52
128076,金轮转债,002722.sz,金轮股份,117.89,95.5,23.45%,AA-,1.25,8.7%,8.7%,2023-10-13,100.000,10.26,2025-10-14,110.000,4.085,X,,19.06
113502,嘉澳转债,603822.ss,嘉澳环保,127.82,103.47,23.53%,AA-,3.96,5.4%,5.4%,2021-11-10,100.000,31.25,2023-11-09,108.000,2.153,X,,58.03
113567,君禾转债,603617.ss,君禾股份,114.1,92.29,23.63%,A+,2.84,10.2%,10.2%,2024-03-04,100.000,7.81,2026-03-03,113.000,4.468,X,,14.51
123109,昌红转债,300151.sz,昌红科技,122.52,99.04,23.71%,AA-,12.87,5.2%,3.3%,2025-03-31,100.000,19.64,2027-03-31,115.000,5.545,X,,36.48
123038,联得转债,300545.sz,联得装备,128.4,103.78,23.72%,A+,3.13,7.4%,3.3%,2023-12-25,100.000,16.85,2025-12-24,113.000,4.279,N,,31.29
123074,隆利转债,300752.sz,隆利科技,155.8,125.9,23.75%,AA-,5.79,10.0%,3.2%,2024-10-29,100.000,12.84,2026-10-28,118.000,5.123,N,,23.84
113050,南银转债,601009.ss,南京银行,116.53,93.66,24.41%,AAA,0.83,24.9%,21.1%,,,-,2027-06-14,107.000,5.751,X,,13.13
128073,哈尔转债,002615.sz,哈尔斯,116.683,93.7,24.53%,AA-,2.54,24.2%,13.6%,2022-08-22,100.000,4.00,2024-08-22,112.000,2.940,X,,7.42
128137,洁美转债,002859.sz,洁美科技,134.7,108.07,24.64%,AA-,6.13,5.0%,4.9%,2024-11-04,100.000,19.34,2026-11-03,112.000,5.140,X,,35.92
123114,三角转债,300775.sz,三角防务,173.74,138.72,25.25%,AA-,9.90,7.8%,4.1%,2025-05-26,100.000,22.27,2027-05-24,115.000,5.693,X,,41.37
128071,合兴转债,002228.sz,合兴包装,111.005,88.52,25.41%,AA,1.30,6.6%,6.5%,2023-08-15,100.000,2.93,2025-08-15,110.000,3.921,X,,5.43
127036,三花转债,002050.sz,三花智控,139.779,111.37,25.51%,AA+,8.25,3.5%,3.5%,2025-06-02,100.000,15.09,2027-05-31,110.000,5.712,X,,28.02
113614,健20转债,603707.ss,健友股份,125.87,100.27,25.53%,AA,8.56,2.2%,2.2%,2024-12-16,100.000,20.38,2026-12-16,109.000,5.258,X,,37.86
128014,永东转债,002753.sz,永东股份,118.45,94.09,25.89%,AA-,2.07,11.8%,7.6%,2021-04-17,100.000,8.76,2023-04-17,108.000,1.589,X,,16.28
128039,三力转债,002224.sz,三力士,114.2,90.67,25.95%,AA-,1.59,7.1%,5.3%,2022-06-08,100.000,4.05,2024-06-07,106.000,2.732,X,,7.53
110034,九州转债,600998.ss,九州通,112.73,89.4,26.10%,AA+,1.29,5.0%,5.0%,2020-01-15,103.000,12.48,2022-01-15,108.000,0.337,X,,23.18
127026,超声转债,000823.sz,超声电子,116.0,91.9,26.22%,AA,1.58,11.1%,11.1%,2024-12-09,100.000,8.90,2026-12-07,108.000,5.233,X,,16.54
113600,新星转债,603978.ss,深圳新星,116.19,91.95,26.36%,AA-,2.10,17.0%,17.0%,2024-08-12,100.000,16.70,2026-08-12,120.000,4.912,X,,31.00
110073,国投转债,600061.ss,国投资本,117.58,93.03,26.39%,AAA,1.25,13.5%,13.5%,,,-,2026-07-23,107.000,4.858,X,,12.87
127017,万青转债,000789.sz,万年青,136.819,108.02,26.66%,AA+,1.74,8.6%,8.6%,2024-06-03,100.000,9.42,2026-06-02,113.000,4.718,X,,17.50
127041,弘亚转债,002833.sz,弘亚数控,130.55,103.05,26.69%,AA-,6.45,8.5%,5.0%,2024-07-12,100.000,26.66,2026-07-13,115.000,4.830,X,,49.52
110068,龙净转债,600388.ss,龙净环保,110.99,87.58,26.73%,AA+,1.54,20.2%,20.2%,2024-03-25,100.000,7.38,2026-03-23,110.000,4.523,X,,13.71
128101,联创转债,002036.sz,联创电子,148.0,116.55,26.99%,AA,4.43,1.8%,1.8%,2024-03-18,100.000,9.60,2026-03-16,110.000,4.504,X,,17.84
113037,紫银转债,601860.ss,紫金银行,105.46,82.96,27.12%,AA+,0.80,76.3%,36.6%,,,-,2026-07-22,110.000,4.855,X,,5.26
123116,万兴转债,300624.sz,万兴科技,132.164,103.86,27.26%,A+,7.76,6.6%,5.6%,2025-06-09,100.000,34.85,2027-06-08,115.000,5.734,X,,64.71
127006,敖东转债,000623.sz,吉林敖东,116.36,91.39,27.32%,AA+,0.90,11.2%,11.2%,2022-03-13,100.000,14.15,2024-03-13,105.000,2.496,X,,26.29
123054,思特转债,300608.sz,思特奇,149.767,117.5,27.46%,AA-,3.51,8.6%,6.7%,2024-06-10,100.000,8.84,2026-06-09,115.000,4.737,N,,16.42
110067,华安转债,600909.ss,华安证券,114.72,89.87,27.65%,AAA,1.41,10.7%,10.7%,,,-,2026-03-11,107.000,4.490,X,,8.09
123120,隆华转债,300263.sz,隆华科技,189.96,148.2,28.18%,AA-,3.76,9.0%,7.6%,2025-07-29,100.000,5.43,2027-07-29,115.000,5.874,X,,10.09
123025,精测转债,300567.sz,精测电子,145.4,113.37,28.25%,AA-,4.79,3.2%,2.0%,2023-03-29,100.000,34.56,2025-03-28,112.000,3.537,N,,64.18
113565,宏辉转债,603336.ss,宏辉果蔬,111.19,86.65,28.32%,AA-,2.71,7.8%,7.8%,2024-02-26,100.000,5.35,2026-02-25,112.000,4.452,X,,9.93
127031,洋丰转债,000902.sz,新洋丰,146.899,114.24,28.58%,AA,3.97,3.7%,3.4%,2025-03-24,100.000,13.96,2027-03-24,112.000,5.526,X,,25.92
127038,国微转债,002049.sz,紫光国微,187.2,145.45,28.70%,AA+,19.72,1.2%,1.2%,2025-06-09,100.000,96.45,2027-06-09,110.000,5.737,X,,179.11
113608,威派转债,603956.ss,威派格,117.35,91.09,28.83%,A+,6.15,27.5%,5.7%,2024-11-09,100.000,13.36,2026-11-08,115.000,5.153,X,,24.80
123053,宝通转债,300031.sz,宝通科技,134.649,104.49,28.87%,AA-,2.66,7.2%,5.9%,2024-06-04,100.000,14.35,2026-06-04,115.000,4.723,X,,26.65
127032,苏行转债,002966.sz,苏州银行,111.397,86.42,28.90%,AAA,0.75,44.0%,21.4%,,,-,2027-04-12,110.000,5.578,X,,10.53
128053,尚荣转债,002551.sz,尚荣医疗,134.699,104.3,29.14%,AA,1.41,6.4%,4.4%,2023-02-14,100.000,3.42,2025-02-14,110.000,3.422,X,,6.34
123049,维尔转债,300190.sz,维尔利,116.75,90.38,29.18%,AA-,1.21,17.7%,17.6%,2024-04-15,100.000,5.17,2026-04-12,118.000,4.578,X,,9.59
110072,广汇转债,600297.ss,广汇汽车,105.02,81.14,29.43%,AA+,0.64,12.7%,12.7%,2024-08-19,100.000,2.82,2026-08-17,110.000,4.926,X,,5.24
110081,闻泰转债,600745.ss,闻泰科技,138.87,107.29,29.43%,AA+,4.24,8.9%,6.7%,2025-07-28,100.000,67.67,2027-07-27,108.000,5.868,X,,125.67
123023,迪森转债,300335.sz,迪森股份,113.302,87.37,29.68%,AA-,1.50,31.1%,23.6%,2024-03-20,100.000,4.82,2025-03-20,110.000,3.515,X,,8.96
113036,宁建转债,601789.ss,宁波建工,109.56,84.45,29.73%,AA,1.07,13.8%,13.8%,2024-07-05,100.000,3.33,2026-07-05,110.000,4.808,X,,6.19
113606,荣泰转债,603579.ss,荣泰健康,117.23,89.89,30.42%,AA-,2.40,14.5%,14.5%,2024-10-29,100.000,22.98,2026-10-29,115.000,5.126,X,,42.68
128025,特一转债,002728.sz,特一药业,113.5,86.9,30.60%,AA-,2.43,19.2%,12.0%,2021-12-06,100.000,9.84,2023-12-06,106.000,2.227,X,,18.27
110075,南航转债,600029.ss,南方航空,123.7,94.71,30.61%,AAA,1.33,10.3%,5.9%,2024-10-14,100.000,4.37,2026-10-14,106.500,5.085,X,,8.11
127037,银轮转债,002126.sz,银轮股份,134.65,103.06,30.65%,AA,2.04,8.3%,8.0%,2025-06-06,100.000,7.54,2027-06-07,110.000,5.732,X,,14.00
123059,银信转债,300231.sz,银信科技,117.9,90.23,30.67%,AA-,2.73,12.2%,10.1%,2024-07-15,100.000,6.80,2026-07-14,118.000,4.833,X,,12.64
113535,大业转债,603278.ss,大业股份,110.52,84.54,30.73%,AA,1.62,16.6%,16.6%,2022-05-09,100.000,8.60,2024-05-08,110.000,2.649,X,,15.98
113602,景20转债,603228.ss,景旺电子,120.52,91.93,31.09%,AA,3.15,8.4%,8.3%,2024-08-23,100.000,19.18,2026-08-23,108.000,4.942,X,,35.62
128120,联诚转债,002921.sz,联诚精密,114.377,87.15,31.25%,A,1.96,19.8%,15.3%,2024-07-16,100.000,12.91,2026-07-16,112.000,4.838,X,,23.97
113561,正裕转债,603089.ss,正裕工业,111.49,84.82,31.44%,A+,1.84,7.9%,7.9%,2023-12-29,100.000,7.06,2025-12-30,112.000,4.296,X,,13.10
113524,奇精转债,603677.ss,奇精机械,112.56,85.62,31.46%,AA-,2.15,14.3%,14.3%,2022-12-14,100.000,9.79,2024-12-14,113.000,3.252,X,,18.17
127025,冀东转债,000401.sz,冀东水泥,122.198,92.93,31.49%,AAA,1.06,8.9%,8.8%,2024-11-04,100.000,10.70,2026-11-04,106.000,5.142,X,,19.86
113046,金田转债,601609.ss,金田铜业,118.19,89.77,31.66%,AA+,2.00,26.0%,10.5%,2025-03-21,100.000,7.53,2027-03-22,110.000,5.521,X,,13.97
110064,建工转债,600939.ss,重庆建工,105.51,80.13,31.67%,AA+,0.64,25.2%,25.2%,2023-12-19,100.000,3.17,2025-12-19,113.000,4.266,X,,5.89
123115,捷捷转债,300623.sz,捷捷微电,137.799,104.55,31.80%,AA-,7.47,6.2%,5.4%,2025-06-09,100.000,20.30,2027-06-07,113.000,5.732,X,,37.70
123122,富瀚转债,300613.sz,富瀚微,145.248,110.12,31.90%,A+,15.64,2.6%,2.5%,2025-08-06,100.000,123.93,2027-08-05,115.000,5.893,X,,230.15
128042,凯中转债,002823.sz,凯中精密,112.778,85.38,32.09%,AA,2.17,23.8%,13.2%,2022-07-30,100.000,9.00,2024-07-30,112.000,2.877,X,,16.72
127012,招路转债,001965.sz,招商公路,114.4,86.1,32.88%,AAA,0.81,34.8%,10.9%,2023-03-22,100.000,6.04,2025-03-21,105.000,3.518,X,,11.22
128121,宏川转债,002930.sz,宏川智慧,117.699,88.55,32.91%,AA-,3.60,8.9%,8.5%,2024-07-16,100.000,13.94,2026-07-16,108.000,4.838,X,,25.90
123096,思创转债,300078.sz,思创医惠,109.737,82.35,33.26%,AA-,2.01,14.3%,13.9%,2025-01-27,100.000,5.79,2027-01-25,118.000,5.367,X,,10.75
110056,亨通转债,600487.ss,亨通光电,116.88,87.42,33.69%,AA+,1.52,5.7%,5.5%,2023-03-19,100.000,10.46,2025-03-19,110.000,3.512,X,,19.43
127033,中装转2,002822.sz,中装建设,116.2,86.62,34.14%,AA,1.08,33.2%,29.6%,2025-04-15,100.000,4.40,2027-04-15,112.000,5.586,X,,8.16
128049,华源转债,002787.sz,华源控股,106.56,79.38,34.25%,AA-,1.16,34.7%,19.6%,2022-11-27,100.000,5.16,2024-11-27,110.000,3.205,X,,9.58
123004,铁汉转债,300197.sz,节能铁汉,105.35,78.27,34.59%,AA,1.15,15.1%,9.5%,2021-12-18,100.000,2.67,2023-12-18,106.000,2.260,X,,4.97
113043,财通转债,601108.ss,财通证券,115.05,85.22,35.00%,AAA,1.73,9.5%,9.5%,,,-,2026-12-09,106.000,5.238,X,,17.07
123014,凯发转债,300407.sz,凯发电气,138.35,102.36,35.16%,A+,1.79,6.7%,4.6%,2021-07-27,100.000,5.63,2023-07-27,106.000,1.866,X,,10.46
113616,韦尔转债,603501.ss,韦尔股份,142.7,105.56,35.18%,AA+,15.31,1.3%,1.2%,2024-12-27,100.000,155.76,2026-12-27,110.000,5.288,N,,289.28
128116,瑞达转债,002961.sz,瑞达期货,120.5,88.97,35.44%,AA,5.58,22.7%,5.5%,2024-07-01,100.000,20.68,2026-06-28,110.000,4.789,X,,38.41
110051,中天转债,600522.ss,中天科技,115.81,85.29,35.79%,AA+,1.12,15.2%,15.2%,2023-02-28,100.000,6.99,2025-02-28,109.000,3.460,X,,12.99
127045,牧原转债,002714.sz,牧原股份,122.9,90.19,36.27%,AA+,4.07,6.2%,4.2%,2025-08-15,100.000,33.54,2027-08-16,107.000,5.923,X,,62.28
123108,乐普转2,300003.sz,乐普医疗,121.296,88.88,36.47%,AA+,4.08,4.1%,3.5%,2024-03-29,100.000,20.65,2026-03-29,107.800,4.540,X,,38.35
123075,贝斯转债,300580.sz,贝斯特,116.675,85.47,36.51%,AA-,2.16,15.9%,14.8%,2024-11-01,100.000,16.62,2026-11-01,110.000,5.134,X,,30.86
123088,威唐转债,300707.sz,威唐工业,111.58,81.66,36.64%,A+,3.62,16.0%,11.3%,2024-12-16,100.000,14.50,2026-12-14,115.000,5.252,X,,26.94
113579,健友转债,603707.ss,健友股份,124.35,90.68,37.13%,AA,8.56,1.4%,1.4%,2024-04-22,100.000,22.54,2026-04-22,109.000,4.605,X,,41.86
113532,海环转债,603817.ss,海峡环保,105.97,77.06,37.51%,AA,1.42,17.3%,17.3%,2023-04-03,100.000,5.34,2025-04-01,108.000,3.548,X,,9.92
113588,润达转债,603108.ss,润达医疗,108.45,78.57,38.04%,AA,1.80,9.1%,9.1%,2024-06-17,100.000,9.28,2026-06-16,109.000,4.756,X,,17.23
113627,太平转债,603877.ss,太平鸟,128.75,93.12,38.26%,AA,5.68,3.6%,3.6%,2025-07-14,100.000,35.22,2027-07-14,110.000,5.833,X,,65.42
128079,英联转债,002846.sz,英联股份,127.1,91.92,38.28%,A+,2.92,9.0%,6.3%,2023-10-23,100.000,5.80,2025-10-21,112.000,4.104,X,,10.78
123123,江丰转债,300666.sz,江丰电子,123.5,89.08,38.64%,A+,9.16,7.3%,4.9%,2025-08-11,100.000,36.35,2027-08-11,115.000,5.910,X,,67.51
123099,普利转债,300630.sz,普利制药,120.3,86.36,39.31%,AA-,7.17,6.6%,4.9%,2025-02-10,100.000,32.22,2027-02-08,118.000,5.405,X,,59.84
123124,晶瑞转2,300655.sz,晶瑞电材,135.97,97.59,39.32%,A+,11.93,3.7%,3.1%,2025-08-15,100.000,35.22,2027-08-16,107.000,5.923,X,,65.40
118002,天合转债,688599.ss,天合光能,142.98,102.36,39.69%,AA,6.92,8.4%,4.9%,2025-08-12,100.000,35.36,2027-08-12,115.000,5.912,X,,65.66
110058,永鼎转债,600105.ss,永鼎股份,109.93,78.57,39.91%,AA-,1.93,4.8%,4.8%,2023-04-17,100.000,3.53,2025-04-15,110.000,3.586,X,,6.55
113618,美诺转债,603538.ss,美诺华,118.92,84.89,40.08%,AA-,2.65,11.0%,10.9%,2025-01-13,100.000,26.23,2027-01-13,110.000,5.334,X,,48.71
128021,兄弟转债,002562.sz,兄弟科技,111.795,79.77,40.15%,AA,1.46,9.2%,6.0%,2021-11-28,100.000,3.63,2023-11-28,106.000,2.205,X,,6.75
110062,烽火转债,600498.ss,烽火通信,112.5,80.22,40.24%,AAA,1.79,14.9%,14.9%,2023-12-01,100.000,15.99,2025-12-01,106.000,4.216,X,,29.70
128122,兴森转债,002436.sz,兴森科技,124.3,88.51,40.44%,AA,5.60,1.7%,1.4%,2024-07-22,100.000,8.46,2025-07-22,110.000,3.855,X,,18.33
113542,好客转债,603898.ss,好莱客,112.43,79.99,40.56%,AA,1.47,15.0%,15.0%,2023-08-01,100.000,11.30,2025-07-31,110.000,3.879,X,,20.98
128056,今飞转债,002863.sz,今飞凯达,112.6,79.82,41.07%,A+,1.40,6.5%,6.5%,2023-02-28,100.000,4.68,2025-02-28,115.000,3.460,X,,8.70
123010,博世转债,300422.sz,博世科,108.43,76.63,41.51%,AA-,1.47,12.3%,11.4%,2022-07-05,100.000,8.51,2024-07-05,108.000,2.808,X,,15.79
128105,长集转债,002616.sz,长青集团,107.401,75.35,42.54%,AA,1.65,28.5%,18.1%,2024-04-08,100.000,5.54,2026-04-08,110.000,4.567,X,,10.28
123077,汉得转债,300170.sz,汉得信息,112.0,78.53,42.61%,AA,2.02,15.3%,13.9%,2024-11-22,100.000,6.78,2026-11-23,120.000,5.195,X,,12.60
127024,盈峰转债,000967.sz,盈峰环境,114.842,79.85,43.82%,AA+,1.25,11.2%,7.1%,2024-11-04,100.000,5.73,2026-11-03,110.000,5.140,X,,10.65
128083,新北转债,002376.sz,新北洋,106.212,73.62,44.26%,AA,1.60,16.2%,15.6%,2023-12-12,100.000,8.02,2025-12-12,110.000,4.247,X,,14.88
123107,温氏转债,300498.sz,温氏股份,108.0,74.86,44.27%,AAA,1.96,14.6%,11.1%,2025-03-28,100.000,12.33,2027-03-29,108.000,5.540,X,,22.91
127019,国城转债,000688.sz,国城矿业,108.048,74.64,44.75%,AA,7.05,4.8%,4.8%,2024-07-15,100.000,14.74,2026-07-14,110.000,4.833,X,,27.38
128023,亚太转债,002284.sz,亚太股份,114.39,78.82,45.13%,AA,2.23,17.9%,16.6%,2021-12-04,100.000,7.24,2023-12-04,108.000,2.222,X,,13.44
128035,大族转债,002008.sz,大族激光,116.27,80.08,45.20%,AA+,4.19,5.6%,5.2%,2022-02-06,103.000,36.33,2024-02-06,105.000,2.397,X,,67.47
127003,海印转债,000861.sz,海印股份,108.87,74.58,45.97%,AA,1.37,13.9%,13.0%,2020-06-08,100.000,2.09,2022-06-08,110.000,0.732,X,,3.89
128074,游族转债,002174.sz,游族网络,110.61,75.66,46.19%,AA,2.24,6.6%,5.8%,2023-09-25,100.000,11.88,2025-09-23,115.000,4.027,X,,22.06
113604,多伦转债,603528.ss,多伦科技,107.68,73.27,46.96%,AA-,2.68,13.5%,13.4%,2024-10-14,100.000,7.28,2026-10-12,110.000,5.079,X,,13.52
123044,红相转债,300427.sz,红相股份,114.59,77.88,47.14%,AA-,2.18,11.9%,10.5%,2024-03-11,100.000,13.07,2026-03-11,118.000,4.490,N,,24.27
113578,全筑转债,603030.ss,全筑股份,102.8,69.81,47.25%,AA,1.03,18.9%,17.6%,2024-04-19,100.000,3.78,2026-04-19,113.000,4.597,X,,7.02
127013,创维转债,000810.sz,创维数字,107.497,72.98,47.29%,AA,2.00,11.6%,11.2%,2023-04-17,100.000,7.90,2025-04-15,113.000,3.586,X,,14.68
132022,20广版EB,601900.ss,南方传媒,101.81,69.04,47.52%,AAA,1.03,11.8%,11.8%,2022-10-28,100.000,7.67,2023-04-28,106.000,1.619,X,,14.23
123113,仙乐转债,300791.sz,仙乐健康,118.2,79.81,48.09%,AA-,3.32,42.4%,12.5%,2025-04-18,100.000,39.84,2027-04-19,113.000,5.597,X,,74.00
132009,17中油EB,601857.ss,中国石油,104.25,70.41,48.32%,AAA,0.83,1.1%,0.9%,2021-07-13,100.000,5.68,2022-07-13,105.000,0.827,X,,10.54
113042,上银转债,601229.ss,上海银行,103.89,69.71,49.04%,AAA,0.54,19.7%,19.0%,,,-,2027-01-24,112.000,5.364,X,,13.82
113017,吉视转债,601929.ss,吉视传媒,101.19,67.8,49.26%,AA+,0.89,25.1%,25.1%,2021-12-27,100.000,2.06,2023-12-27,106.000,2.285,X,,3.83
113530,大丰转债,603081.ss,大丰实业,110.57,73.8,49.82%,AA,2.05,12.9%,12.9%,2023-03-27,100.000,11.54,2025-03-26,116.000,3.532,X,,21.44
128015,久其转债,002279.sz,久其软件,103.83,69.15,50.14%,A+,3.50,25.2%,22.8%,2021-06-08,100.000,4.88,2023-06-08,108.000,1.732,X,,9.06
113597,佳力转债,603912.ss,佳力图,115.76,77.06,50.22%,AA-,3.93,7.7%,7.7%,2024-07-29,100.000,16.20,2026-07-29,118.000,4.874,X,,30.09
113619,世运转债,603920.ss,世运电路,111.32,74.05,50.34%,AA,2.96,12.8%,12.7%,2025-01-20,100.000,13.94,2027-01-19,110.000,5.351,X,,25.90
127016,鲁泰转债,000726.sz,鲁泰A,104.306,69.23,50.66%,AA+,0.68,41.4%,26.3%,2024-04-08,100.000,6.10,2026-04-08,111.000,4.567,X,,11.32
110038,济川转债,600566.ss,济川药业,109.41,72.35,51.22%,AA,1.83,4.2%,4.2%,2020-11-13,100.000,11.70,2022-11-12,100.000,1.162,X,,29.25
127007,湖广转债,000665.sz,湖北广电,103.599,68.46,51.33%,AA+,0.62,32.5%,32.5%,2022-06-28,100.000,3.91,2024-06-28,108.000,2.789,X,,7.25
113622,杭叉转债,603298.ss,杭叉集团,115.82,76.52,51.37%,AA+,2.91,7.5%,7.5%,2025-03-24,100.000,16.16,2027-03-24,108.000,5.526,X,,30.00
123104,卫宁转债,300253.sz,卫宁健康,121.4,80.16,51.45%,AA,6.49,3.8%,3.2%,2025-03-17,100.000,12.42,2027-03-15,120.000,5.501,X,,23.06
128123,国光转债,002749.sz,国光股份,110.401,72.79,51.66%,AA-,3.22,11.8%,7.5%,2024-07-26,100.000,9.44,2026-07-26,110.000,4.866,X,,17.54
113563,柳药转债,603368.ss,柳药股份,106.45,70.17,51.70%,AA,1.17,13.2%,13.2%,2024-01-15,100.000,16.71,2026-01-15,108.000,4.340,X,,31.03
123101,拓斯转债,300607.sz,拓斯达,118.0,77.65,51.95%,AA,3.83,11.9%,7.7%,2025-03-10,100.000,18.33,2027-03-09,110.000,5.485,X,,34.03
113624,正川转债,603976.ss,正川股份,105.74,69.2,52.80%,A+,4.43,8.3%,8.3%,2025-04-28,100.000,32.68,2027-04-27,115.000,5.619,X,,60.70
113021,中信转债,601998.ss,中信银行,107.55,70.13,53.35%,AAA,0.38,24.9%,17.3%,,,-,2025-03-03,111.000,3.468,X,,8.75
128142,新乳转债,002946.sz,新乳业,119.8,78.02,53.55%,AA,4.72,34.1%,5.7%,2024-12-17,100.000,12.93,2026-12-17,110.000,5.260,X,,24.01
128036,金农转债,002548.sz,金新农,118.368,76.62,54.48%,AA-,1.36,5.1%,4.0%,2022-03-09,100.000,4.85,2024-03-09,106.000,2.485,X,,9.01
128072,翔鹭转债,002842.sz,翔鹭钨业,116.11,74.93,54.95%,AA-,3.12,12.4%,9.6%,2023-08-21,100.000,10.75,2025-08-19,110.000,3.932,X,,19.97
113045,环旭转债,601231.ss,环旭电子,114.99,74.13,55.13%,AA+,2.71,10.8%,10.7%,2025-03-03,100.000,13.82,2027-03-03,108.000,5.468,X,,25.68
132015,18中油EB,601857.ss,中国石油,103.44,67.02,55.64%,AAA,0.83,2.2%,1.9%,2022-02-01,100.000,5.96,2023-02-01,105.000,1.384,X,,11.08
113601,塞力转债,603716.ss,塞力医疗,103.63,66.02,56.97%,AA-,1.43,24.1%,23.6%,2024-08-20,100.000,11.89,2026-08-20,115.000,4.934,X,,22.07
128069,华森转债,002907.sz,华森制药,106.922,68.07,57.07%,AA-,4.01,8.6%,6.1%,2023-06-26,100.000,12.61,2025-06-24,115.000,3.778,X,,23.41
128132,交建转债,002941.sz,新疆交建,106.6,67.84,57.14%,AA,3.06,35.1%,10.5%,2024-09-16,100.000,12.97,2026-09-14,110.000,5.000,X,,24.09
123121,帝尔转债,300776.sz,帝尔激光,133.6,84.9,57.36%,AA-,9.08,10.9%,4.9%,2025-08-04,100.000,134.89,2027-08-04,115.000,5.890,X,,250.51
123011,德尔转债,300473.sz,德尔股份,114.77,72.82,57.61%,AA-,1.39,9.8%,8.1%,2022-07-18,100.000,21.97,2024-07-18,112.000,2.844,X,,40.79
110059,浦发转债,600000.ss,浦发银行,104.38,65.93,58.33%,AAA,0.41,18.5%,18.5%,,,-,2025-10-27,110.000,4.121,X,,18.16
123076,强力转债,300429.sz,强力新材,106.9,67.27,58.92%,AA-,3.32,18.2%,12.9%,2024-11-18,100.000,13.26,2026-11-18,113.000,5.181,X,,24.62
123090,三诺转债,300298.sz,三诺生物,114.23,71.63,59.47%,AA,5.05,4.4%,3.5%,2024-12-20,100.000,24.63,2026-12-20,112.000,5.268,X,,45.73
123034,通光转债,300265.sz,通光线缆,239.012,149.69,59.68%,A+,3.26,1.8%,1.8%,2023-11-03,100.000,5.57,2025-11-03,113.000,4.140,N,,10.34
123119,康泰转2,300601.sz,康泰生物,124.35,77.6,60.24%,AA,9.72,3.3%,2.6%,2025-07-14,100.000,101.94,2027-07-14,112.000,5.833,X,,189.32
113566,翔港转债,603499.ss,翔港科技,109.49,68.25,60.44%,A+,2.48,10.9%,10.9%,2024-02-27,100.000,7.54,2026-02-27,118.000,4.458,X,,12.92
113625,江山转债,603208.ss,江山欧派,119.03,73.77,61.36%,AA-,4.00,7.7%,7.7%,2025-06-10,100.000,68.28,2027-06-10,118.000,5.740,X,,126.81
128124,科华转债,002022.sz,科华生物,104.5,64.69,61.53%,AA,2.02,10.4%,10.4%,2024-07-29,100.000,14.91,2026-07-27,106.000,4.868,X,,27.69
123039,开润转债,300577.sz,开润股份,109.3,65.89,65.89%,A+,2.92,8.7%,4.7%,2023-12-25,100.000,20.93,2025-12-25,115.000,4.282,X,,38.87
128022,众信转债,002707.sz,众信旅游,105.404,63.51,65.96%,A,6.49,14.2%,10.0%,2021-12-01,100.000,5.54,2023-12-01,106.000,2.214,X,,10.30
128070,智能转债,002877.sz,智能自控,116.286,70.01,66.10%,A+,2.81,16.8%,10.4%,,,-,2025-07-02,112.000,3.800,X,,12.31
113519,长久转债,603569.ss,长久物流,106.84,63.59,68.02%,AA,1.68,17.7%,17.7%,2022-11-07,100.000,7.73,2024-11-07,115.000,3.151,X,,14.35
128139,祥鑫转债,002965.sz,祥鑫科技,114.426,67.99,68.29%,AA-,2.02,34.4%,17.1%,2024-11-29,100.000,25.87,2026-11-30,115.000,5.214,X,,48.05
128125,华阳转债,002949.sz,华阳国际,105.635,62.74,68.37%,AA-,2.25,30.2%,14.4%,2024-07-29,100.000,17.77,2026-07-29,113.000,4.874,X,,33.01
113594,淳中转债,603516.ss,淳中科技,110.88,65.8,68.50%,A+,3.35,8.9%,8.8%,2024-07-22,100.000,19.49,2026-07-20,115.000,4.849,X,,36.19
128131,崇达转2,002815.sz,崇达技术,110.3,64.86,70.06%,AA,2.60,25.9%,12.7%,2024-09-09,100.000,13.57,2026-09-04,110.000,4.975,X,,25.19
132004,15国盛EB,600170.ss,上海建工,102.71,60.36,71.59%,AAA,0.70,16.6%,16.6%,2020-09-08,100.000,3.51,2021-11-05,103.000,0.142,X,,6.53
110052,贵广转债,600996.ss,贵广网络,104.9,60.83,72.44%,AA+,1.21,30.1%,30.1%,2023-03-05,100.000,5.56,2025-03-05,113.000,3.474,X,,10.32
128135,洽洽转债,002557.sz,洽洽食品,119.45,69.15,72.74%,AA,4.95,6.4%,6.4%,2024-10-21,100.000,42.02,2026-10-19,115.000,5.099,X,,78.04
123018,溢利转债,300381.sz,溢多利,213.0,122.3,74.16%,AA-,1.65,1.1%,1.1%,2022-12-20,100.000,5.78,2024-12-20,110.000,3.268,N,,10.72
123081,精研转债,300709.sz,精研科技,113.2,64.66,75.06%,AA-,2.79,15.5%,11.9%,2024-12-02,100.000,37.38,2026-12-02,115.000,5.219,X,,69.42
127021,特发转2,000070.sz,特发信息,106.948,60.83,75.82%,AA,2.05,9.1%,8.9%,2023-08-07,100.000,8.63,2025-08-06,110.000,3.896,X,,16.03
128138,侨银转债,002973.sz,侨银股份,110.2,62.57,76.11%,AA-,4.16,24.9%,6.5%,2024-11-18,100.000,17.73,2026-11-16,130.000,5.175,X,,32.93
123056,雪榕转债,300511.sz,雪榕生物,105.74,59.56,77.54%,AA-,1.62,26.4%,18.9%,2024-06-24,100.000,8.24,2026-06-23,115.000,4.775,X,,14.12
128114,正邦转债,002157.sz,正邦科技,105.14,58.06,81.08%,AA+,1.38,8.1%,5.9%,2024-06-17,100.000,10.33,2026-06-16,110.000,4.756,X,,19.19
127015,希望转债,000876.sz,新希望,109.2,58.94,85.28%,AAA,1.41,1.9%,1.8%,2024-01-03,100.000,13.82,2026-01-02,106.000,4.304,X,,25.68
128118,瀛通转债,002861.sz,瀛通通讯,105.9,56.83,86.36%,AA-,1.79,23.0%,15.8%,2024-07-01,100.000,14.87,2026-07-01,115.000,4.797,X,,27.61
113605,大参转债,603233.ss,大参林,113.6,60.56,87.59%,AA,6.22,4.3%,4.2%,2024-10-21,100.000,48.36,2026-10-21,110.000,5.104,X,,89.82
113620,傲农转债,603363.ss,傲农生物,108.55,56.65,91.61%,AA,2.12,19.1%,17.8%,2025-03-10,100.000,10.16,2027-03-09,116.000,5.485,X,,18.86
128117,道恩转债,002838.sz,道恩股份,105.9,55.1,92.19%,AA-,3.32,6.5%,5.6%,2024-07-01,100.000,20.17,2026-07-01,118.000,4.797,X,,37.47
113575,东时转债,603377.ss,东方时尚,129.13,67.08,92.51%,AA,2.83,1.7%,1.7%,2024-04-08,100.000,8.51,2026-04-08,108.000,4.567,N,,15.79
132007,16凤凰EB,601928.ss,凤凰传媒,104.74,54.85,92.55%,AAA,1.24,26.7%,26.7%,2021-05-04,100.000,10.72,2021-10-31,105.000,0.129,X,,17.42
128136,立讯转债,002475.sz,立讯精密,114.016,58.99,93.28%,AA+,7.82,1.2%,1.2%,2024-11-04,100.000,40.73,2026-11-02,108.000,5.137,X,,75.63
123093,金陵转债,300651.sz,金陵体育,120.598,62.05,94.37%,A+,5.42,11.3%,6.4%,2025-01-20,100.000,34.43,2027-01-18,120.000,5.348,X,,63.95
128044,岭南转债,002717.sz,岭南股份,101.05,51.95,94.53%,AA-,1.05,19.1%,14.0%,2022-08-14,100.000,4.14,2024-08-14,107.000,2.918,X,,7.68
113595,花王转债,603007.ss,ST花王,92.9,47.4,96.00%,BBB+,0.98,30.2%,30.0%,2024-07-22,100.000,4.84,2026-07-20,116.000,4.849,X,,9.00
113573,纵横转债,603602.ss,纵横通信,106.79,54.31,96.62%,A+,2.87,13.0%,13.0%,2024-04-16,100.000,13.15,2026-04-16,118.000,4.589,X,,24.41
123064,万孚转债,300482.sz,万孚生物,112.199,55.8,101.08%,AA,5.44,4.7%,3.4%,2024-09-01,100.000,50.16,2026-08-31,110.000,4.964,X,,93.14
113589,天创转债,603608.ss,天创时尚,97.97,48.01,104.08%,AA,1.50,23.7%,23.7%,2024-06-24,100.000,8.60,2026-06-23,110.000,4.775,X,,15.98
113576,起步转债,603557.ss,ST起步,96.57,45.31,113.14%,A,1.47,11.3%,11.2%,2024-04-09,100.000,7.38,2026-04-09,115.000,4.570,N,,13.71
123117,健帆转债,300529.sz,健帆生物,117.2,54.79,113.92%,AA,12.48,3.9%,2.5%,2025-06-23,100.000,63.40,2027-06-22,110.000,5.773,X,,117.74
127004,模塑转债,000700.sz,模塑科技,167.271,77.62,115.49%,AA-,1.89,2.5%,2.5%,2021-06-02,100.000,5.07,2023-06-02,110.000,1.715,X,,9.41
110076,华海转债,600521.ss,华海药业,107.97,50.01,115.88%,AA,3.74,7.5%,7.3%,2024-11-01,100.000,23.70,2026-11-01,110.000,5.134,X,,44.01
113569,科达转债,603660.ss,苏州科达,103.82,45.54,127.97%,AA-,1.85,15.5%,15.5%,2024-03-08,100.000,10.36,2026-03-09,115.000,4.485,X,,19.24
128030,天康转债,002100.sz,天康生物,241.399,103.11,134.11%,AA,1.36,1.1%,1.1%,2021-12-22,100.000,5.17,2023-12-22,108.000,2.271,X,,9.61
113526,联泰转债,603797.ss,联泰环保,272.44,115.55,135.78%,AA+,1.58,6.1%,4.7%,2023-01-23,100.000,4.28,2025-01-22,106.000,3.359,N,,7.94
113584,家悦转债,603708.ss,家家悦,100.91,41.33,144.17%,AA,3.52,6.8%,6.8%,2024-06-04,100.000,26.27,2026-06-04,110.000,4.723,X,,48.79
113574,华体转债,603679.ss,华体科技,111.8,45.68,144.75%,A+,2.77,9.5%,9.5%,2024-04-01,100.000,23.74,2026-03-30,110.000,4.542,X,,44.08
123065,宝莱转债,300246.sz,宝莱特,112.35,42.63,163.57%,AA-,2.74,11.7%,8.8%,2024-09-03,100.000,28.10,2026-09-03,115.000,4.973,X,,52.18
113596,城地转债,603887.ss,城地香江,95.99,35.7,168.91%,AA-,0.95,39.1%,30.7%,2024-07-29,100.000,16.98,2026-07-27,108.000,4.868,X,,31.54
110044,广电转债,600831.ss,广电网络,237.98,82.82,187.33%,AA,1.07,1.8%,1.8%,2022-06-27,100.000,4.81,2024-06-27,108.000,2.786,N,,8.93
128062,亚药转债,002370.sz,亚太药业,92.43,28.49,224.40%,BB,4.03,44.9%,38.8%,2023-04-03,100.000,11.38,2025-04-02,115.000,3.551,X,,21.12
123072,乐歌转债,300729.sz,乐歌股份,125.399,38.51,225.62%,A+,3.59,3.8%,3.6%,2024-10-21,100.000,39.12,2026-10-20,120.000,5.101,X,,72.64
132011,17浙报EB,600633.ss,浙数文化,101.4,30.14,236.65%,AAA,1.09,25.8%,25.8%,2022-05-17,100.000,16.60,2022-08-17,103.000,0.923,X,,30.84
113580,康隆转债,603665.ss,康隆达,323.49,91.55,253.33%,AA-,2.08,1.8%,1.8%,2024-04-22,100.000,10.86,2026-04-22,115.000,4.605,N,,20.16
123015,蓝盾转债,300297.sz,蓝盾股份,255.3,72.19,253.63%,BBB-,2.48,2.3%,1.9%,2022-08-13,100.000,4.05,2024-08-13,108.000,2.915,X,,7.53
128041,盛路转债,002446.sz,盛路通信,314.75,86.22,265.07%,AA,1.75,1.1%,1.0%,2022-07-17,100.000,4.77,2024-07-16,110.000,2.838,X,,8.87
123013,横河转债,300539.sz,横河精密,371.43,88.16,321.30%,A+,3.60,4.2%,2.2%,2022-07-26,100.000,6.33,2024-07-26,110.000,2.866,X,,11.75
